Index,Year,Authors,Name,Bibtex,DOI,Instruction & Guidance,Assembly & Arrangement,Problem Solving & Games,Communication & Collaboration,(Tele) Medicine,Maintenance & Industry,Design & Creativity,Education & Knowledge Work,Social & Play,Various & Unspecified,no study,communication,puzzle and assembly,object arrangement and manipulation,locating object in environment,"training, instruction, guiding",information extraction and generation,maintainance,game,walkthrough,general - device limitations,display,ergonomics,tracking,general - scene acquisition & reconstruction,point cloud Level of Detail,point cloud stability,point cloud completeness,3D reconstruction,scale of environment & tracking area,general object recognition & alignment,general - user acquisition & modelling,hand tracking,body tracking,face & gaze tracking,general - system complexity,devices & sensors,computational challenges,heterogeneity & interoperability,scalability,general - latency & real-time presentation,synchronicity,network challenges,general latency,bandwidth issue,performance,general - spatial consistency,calibration & alignment,general - shared & blended environment,dissimilar spaces,virtual content positioning,shared objects,controlling real-world properties,physical & spatial limits,general - spatial awareness & orientation,locating  objects & user,communication about the environment,dynamic changes,general - user representation & techniques,level of detail & accuracy,avatar designs & uncanny valley,general - communication & sensory feedback,(spatial) audio,non-verbal,gestures,facial expressions & eyes,physical props & haptic feedback,general - interpersonal awareness,gaze & view sharing,content & intention sharing,general - cognition & presence,presence,cognitive & mental load,co- & social-presence,accessibility & inclusion,general - asymmetric experiences,content & environment sharing,user representation,awareness on shared personal information,interaction & general capabilities,general - interaction & UI design,adaptive & customizable UI,annotations,workflow,evaluation & studies,domain & use case specific,data privacy & security
70,2016,"Sergio Orts-Escolano}, Christoph Rhemann, Sean Fanello, Wayne Chang, Adarsh Kowdle, Yury Degtyarev, David Kim, Philip L. Davidson, Sameh Khamis, Mingsong Dou, Vladimir Tankovich, Charles Loop, Qin Cai, Philip A. Chou, Sarah Mennicken, Julien Valentin, Vivek Pradeep, Shenlong Wang, Sing Bing Kang, Pushmeet Kohli, Yuliya Lutchyn, Cem Keskin, Shahram Izadi",Holoportation: Virtual 3D Teleportation in Real-time,"@inproceedings{orts-escolano2016holoportation,
  title = {Holoportation: {{Virtual 3D Teleportation}} in {{Real-time}}},
  shorttitle = {Holoportation},
  booktitle = {Proceedings of the 29th {{Annual Symposium}} on {{User Interface Software}} and {{Technology}}},
  author = {{Orts-Escolano}, Sergio and Rhemann, Christoph and Fanello, Sean and Chang, Wayne and Kowdle, Adarsh and Degtyarev, Yury and Kim, David and Davidson, Philip L. and Khamis, Sameh and Dou, Mingsong and Tankovich, Vladimir and Loop, Charles and Cai, Qin and Chou, Philip A. and Mennicken, Sarah and Valentin, Julien and Pradeep, Vivek and Wang, Shenlong and Kang, Sing Bing and Kohli, Pushmeet and Lutchyn, Yuliya and Keskin, Cem and Izadi, Shahram},
  year = {2016},
  month = oct,
  series = {{{UIST}} '16},
  pages = {741--754},
  publisher = {Association for Computing Machinery},
  address = {New York, NY, USA},
  doi = {10.1145/2984511.2984517},
  urldate = {2023-06-13},
  abstract = {We present an end-to-end system for augmented and virtual reality telepresence, called Holoportation. Our system demonstrates high-quality, real-time 3D reconstructions of an entire space, including people, furniture and objects, using a set of new depth cameras. These 3D models can also be transmitted in real-time to remote users. This allows users wearing virtual or augmented reality displays to see, hear and interact with remote participants in 3D, almost as if they were present in the same physical space. From an audio-visual perspective, communicating and interacting with remote users edges closer to face-to-face communication. This paper describes the Holoportation technical system in full, its key interactive capabilities, the application scenarios it enables, and an initial qualitative study of using this new communication medium.},
  isbn = {978-1-4503-4189-9},
  keywords = {3d capture,AR VR Mix,depth cameras,gpu,mixed reality,non-rigid reconstruction,Read KLK,real-time,telepresence},
  file = {D:\_Zotero\storage\NJAIR4SA\Orts-Escolano et al. - 2016 - Holoportation Virtual 3D Teleportation in Real-ti.pdf}
}",10.1145/2984511.2984517,x,,x,x,,,,,x,x,,x,x,,,,,,,,,x,,,,x,x,x,x,x,,,,,,,x,x,,,,,,x,,x,,,,,,x,,,,,,,,x,x,,x,,,x,,,,,,,,,,,,,,,,,,,,,
75,2016,"Mohammad Mehdi Moniri, Fabio Andres Espinosa Valcarcel, Dieter Merkel, Winfried Schuffert, Tim Schwartz",Hybrid team interaction in the mixed reality continuum,"@inproceedings{moniri2016hybrid,
  title = {Hybrid Team Interaction in the Mixed Reality Continuum},
  booktitle = {Proceedings of the 22nd {{ACM Conference}} on {{Virtual Reality Software}} and {{Technology}}},
  author = {Moniri, Mohammad Mehdi and Valcarcel, Fabio Andres Espinosa and Merkel, Dieter and Schuffert, Winfried and Schwartz, Tim},
  year = {2016},
  month = nov,
  series = {{{VRST}} '16},
  pages = {335--336},
  publisher = {Association for Computing Machinery},
  address = {New York, NY, USA},
  doi = {10.1145/2993369.2996318},
  urldate = {2024-04-26},
  abstract = {This paper describes a system, which enables collaboration in a hybrid team consisting of a robot, physically present humans and remote humans, where the latter are connected via Virtual Reality. This setup spans the whole continuum between Physical and Virtual Reality, including Augmented Reality. The work presented herein, describes how such a scattered, hybrid team can interact and cooperate in a virtual representation of a factory, using eye-, head-, hand- and gesture-tracking as multimodal control and communication input.},
  isbn = {978-1-4503-4491-3},
  keywords = {augmented reality,human-robot interaction,interactive collaboration,multimodal input,virtual reality},
  file = {D:\_Zotero\storage\ZHLHNWPF\Moniri et al. - 2016 - Hybrid team interaction in the mixed reality conti.pdf}
}",10.1145/2993369.2996318,,,,x,,x,,,,,x,,,,,,,,,,,,,,,,,,x,,,,,,,,,,,,,,,,,,,,,,,,,,,,,,,,,,,,,,,,,,,,,,,,,,,,,,,,,,
77,2016,"Lei Gao, Huidong Bai, Gun Lee, Mark Billinghurst",An oriented point-cloud view for MR remote collaboration,"@inproceedings{gao2016oriented,
  title = {An Oriented Point-Cloud View for {{MR}} Remote Collaboration},
  booktitle = {{{SIGGRAPH ASIA}} 2016 {{Mobile Graphics}} and {{Interactive Applications}}},
  author = {Gao, Lei and Bai, Huidong and Lee, Gun and Billinghurst, Mark},
  year = {2016},
  month = nov,
  series = {{{SA}} '16},
  pages = {1--4},
  publisher = {Association for Computing Machinery},
  address = {New York, NY, USA},
  doi = {10.1145/2999508.2999531},
  urldate = {2024-07-17},
  abstract = {We present a Mixed Reality system for remote collaboration using Virtual Reality (VR) headsets with external depth cameras attached. By wirelessly sharing a 3D point-cloud data of a local workers' workspace with a remote helper, and sharing the remote helper's hand gestures back to the local worker, the remote helper is able to assist the worker to perform manual tasks.Displaying the point-cloud video in a conventional way, such as a static front view in VR headsets, does not provide helpers with sufficient understanding of the spatial relationships between their hands and the remote surroundings. In contrast, we propose a Mixed Reality (MR) system that shares with the remote helper, not only 3D captured environment data but also real-time orientation info of the worker's viewpoint. We conducted a pilot study to evaluate the usability of the system, and we found that extra synchronized orientation data can make collaborators feel more connected spatially and mentally.},
  isbn = {978-1-4503-4551-4},
  file = {D:\_Zotero\storage\G6SS7GKP\Gao et al_2016_An oriented point-cloud view for MR remote collaboration.pdf}
}",10.1145/2999508.2999531,x,x,,,,,,,,x,,,x,,,,,,,,,,,,,,,,,,,,,,,,,,,,,,,,,,,,,,,,,,,,x,,,,,,,,x,x,,,x,,,,,,,,,,,,,,,,,,
78,2016,"Hongling Sun, Zhenliang Zhang, Yue Liu, Henry B. L. Duh",OptoBridge: assisting skill acquisition in the remote experimental collaboration,"@inproceedings{sun2016optobridge,
  title = {{{OptoBridge}}: Assisting Skill Acquisition in the Remote Experimental Collaboration},
  shorttitle = {{{OptoBridge}}},
  booktitle = {Proceedings of the 28th {{Australian Conference}} on {{Computer-Human Interaction}}},
  author = {Sun, Hongling and Zhang, Zhenliang and Liu, Yue and Duh, Henry B. L.},
  year = {2016},
  month = nov,
  series = {{{OzCHI}} '16},
  pages = {195--199},
  publisher = {Association for Computing Machinery},
  address = {New York, NY, USA},
  doi = {10.1145/3010915.3010975},
  urldate = {2024-09-08},
  abstract = {In this paper an experimental teaching platform named OptoBridge is presented which supports the sharing of the collaborative space for spatially distributed users to assist skill acquisition. The development of OptoBridge is based on augmented reality (AR) and integrates free-hand gesture interactions with the video mediated communication. The prototype is preliminarily applied in the optics field to promote skill execution in the case of the Michelson interferometer. OptoBridge enables the remote teacher to monitor the experimental scenario as well as the detailed optical phenomena through the transmitted video captured on the local side. Meanwhile the local learner equipped with the optical see-through head-mounted display (OSTHMD) can be indicated by virtual hands and augmented annotations controlled by the teacher's gestures and follow the guidance to get their skills practiced. The implementation of OptoBridge is also presented, aimed at providing a more engaging and efficient approach for remote skill teaching.},
  isbn = {978-1-4503-4618-4}
}",10.1145/3010915.3010975,x,,,,,x,,,,,,,x,,,,,,,,,,,,,,,,,,,,x,,,,,,,,,,,,,,x,,,,x,,,,,,,,,,,,,,x,,,,,,,,,,,,,,,,,,,,,,
79,2017,"Jens M{\u}ller, Roman R{\a}dle, Harald Reiterer",Remote Collaboration With Mixed Reality Displays: How Shared Virtual Landmarks Facilitate Spatial Referencing,"@inproceedings{muller2017remote,
  title = {Remote {{Collaboration With Mixed Reality Displays}}: {{How Shared Virtual Landmarks Facilitate Spatial Referencing}}},
  booktitle = {Proceedings of the 2017 {{CHI Conference}} on {{Human Factors}} in {{Computing Systems}}},
  author = {M{\""u}ller, Jens and R{\""a}dle, Roman and Reiterer, Harald},
  year = {2017},
  series = {{{CHI}} '17},
  pages = {6481--6486},
  publisher = {Association for Computing Machinery},
  address = {New York, NY, USA},
  doi = {10.1145/3025453.3025717},
  abstract = {HCI research has demonstrated Mixed Reality (MR) as being beneficial for co-located collaborative work. For remote collaboration, however, the collaborators' visual contexts do not coincide due to their individual physical environments. The problem becomes apparent when collaborators refer to physical landmarks in their individual environments to guide each other's attention. In an experimental study with 16 dyads, we investigated how the provisioning of shared virtual landmarks (SVLs) influences communication behavior and user experience. A quantitative analysis revealed that participants used significantly less ambiguous spatial expressions and reported an improved user experience when SVLs were provided. Based on these findings and a qualitative video analysis we provide implications for the design of MRs to facilitate remote collaboration.},
  isbn = {978-1-4503-4655-9},
  keywords = {mixed reality,remote collaboration,virtual landmarks}
}",10.1145/3025453.3025717,,,x,x,,,,,,x,,,,,x,,,,,,,x,,,,,,,,,,,,,,,,,,,,,,,,,,,,x,,,,,,x,x,,,,,,,,x,,,,,x,,,,,,,,,,x,,,,,,,
87,2017,"Thammathip Piumsomboon, Arindam Day, Barrett Ens, Youngho Lee, Gun Lee, Mark Billinghurst",Exploring enhancements for remote mixed reality collaboration,"@inproceedings{piumsomboon2017exploring,
  title = {Exploring Enhancements for Remote Mixed Reality Collaboration},
  booktitle = {{{SIGGRAPH Asia}} 2017 {{Mobile Graphics}} \& {{Interactive Applications}}},
  author = {Piumsomboon, Thammathip and Day, Arindam and Ens, Barrett and Lee, Youngho and Lee, Gun and Billinghurst, Mark},
  year = {2017},
  month = nov,
  series = {{{SA}} '17},
  pages = {1--5},
  publisher = {Association for Computing Machinery},
  address = {New York, NY, USA},
  doi = {10.1145/3132787.3139200},
  urldate = {2024-07-17},
  abstract = {In this paper, we explore techniques for enhancing remote Mixed Reality (MR) collaboration in terms of communication and interaction. We created CoVAR, a MR system for remote collaboration between an Augmented Reality (AR) and Augmented Virtuality (AV) users. Awareness cues and AV-Snap-to-AR interface were proposed for enhancing communication. Collaborative natural interaction, and AV-User-Body-Scaling were implemented for enhancing interaction. We conducted an exploratory study examining the awareness cues and the collaborative gaze, and the results showed the benefits of the proposed techniques for enhancing communication and interaction.},
  isbn = {978-1-4503-5410-3},
  file = {D:\_Zotero\storage\K97GDENI\Piumsomboon et al_2017_Exploring enhancements for remote mixed reality collaboration.pdf}
}",10.1145/3132787.3139200,,,,x,,,,,,x,,,,x,x,,,,,,,,,,,,,,,,,,,,,,,,,,,,,,,,,,,,,,,,,,,,,,,,,,,,,x,,x,,,,,,,,,,,,,,,,,
93,2017,"Jens M{\u}ller, Simon Butscher, Stefan P. Feyer, Harald Reiterer",Studying collaborative object positioning in distributed augmented realities,"@inproceedings{muller2017studying,
  title = {Studying Collaborative Object Positioning in Distributed Augmented Realities},
  booktitle = {Proceedings of the 16th {{International Conference}} on {{Mobile}} and {{Ubiquitous Multimedia}}},
  author = {M{\""u}ller, Jens and Butscher, Simon and Feyer, Stefan P. and Reiterer, Harald},
  year = {2017},
  series = {{{MUM}} '17},
  pages = {123--132},
  publisher = {Association for Computing Machinery},
  address = {New York, NY, USA},
  doi = {10.1145/3152832.3152856},
  abstract = {Augmented Reality (AR) displays have been suggested as shared-space technology to support remote collaboration, e.g., in design and building tasks. But with AR displays, the shared space typically consists of only the virtual work objects (e.g., design artifacts) while collaborators' interaction is grounded in their individual, physical environment. This can become problematic during activities that involve the positioning of virtual objects because the collaborators may require shared spatial references to coordinate their actions. In a lab experiment with 16 dyads, we studied how collaborators deal with that issue, and whether the provisioning of additive, virtual landmarks influences collaboration. As a result the landmarks improved user experience and decreased the reported temporal demand. In addition, we identified task-specific problem situations and provide implications for the design of distributed ARs to facilitate the collaborative positioning of virtual objects.},
  isbn = {978-1-4503-5378-6},
  keywords = {augmented reality,object positioning,remote collaboration,user experience,virtual landmarks}
}",10.1145/3152832.3152856,,,x,,,,,,,x,,,,,,,,,x,,,,,,,,,,,,,,,,,,,,,,,,,,,,,,,x,,,,,,,x,,,,,,,,,,,,,,,,,,,,,,,,x,,,,,,
96,2018,"Thammathip Piumsomboon, Gun A. Lee, Mark Billinghurst",Snow Dome: A Multi-Scale Interaction in Mixed Reality Remote Collaboration,"@inproceedings{piumsomboon2018snow,
  title = {Snow {{Dome}}: {{A Multi-Scale Interaction}} in {{Mixed Reality Remote Collaboration}}},
  booktitle = {Extended {{Abstracts}} of the 2018 {{CHI Conference}} on {{Human Factors}} in {{Computing Systems}}},
  author = {Piumsomboon, Thammathip and Lee, Gun A. and Billinghurst, Mark},
  year = {2018},
  series = {{{CHI EA}} '18},
  pages = {1--4},
  publisher = {Association for Computing Machinery},
  address = {New York, NY, USA},
  doi = {10.1145/3170427.3186495},
  abstract = {We present Snow Dome, a Mixed Reality (MR) remote collaboration application that supports a multi-scale interaction for a Virtual Reality (VR) user. We share a local Augmented Reality (AR) user's reconstructed space with a remote VR user who has an ability to scale themselves up into a giant or down into a miniature for different perspectives and interaction at that scale within the shared space.},
  isbn = {978-1-4503-5621-3},
  keywords = {augmented reality,avatar,mixed reality,multiple,remote collaboration,remote embodiment,scale,virtual reality}
}",10.1145/3170427.3186495,,,,x,,,,,,x,x,,,,,,,,,,,,,,,,,,,,,,,,,,,,,,,,,,,,,,,,,,,,,,,,,,,,,,,,,,,,,,,,,,,,,,x,,,,,,
98,2018,"Sebastian G{\u}nther, Florian M{\u}ller, Martin Schmitz, Jan Riemann, Niloofar Dezfuli, Markus Funk, Dominik Sch{\o}n, Max M{\u}hlh{\a}user",CheckMate: Exploring a Tangible Augmented Reality Interface for Remote Interaction,"@inproceedings{gunther2018checkmate,
  title = {{{CheckMate}}: {{Exploring}} a {{Tangible Augmented Reality Interface}} for {{Remote Interaction}}},
  shorttitle = {{{CheckMate}}},
  booktitle = {Extended {{Abstracts}} of the 2018 {{CHI Conference}} on {{Human Factors}} in {{Computing Systems}}},
  author = {G{\""u}nther, Sebastian and M{\""u}ller, Florian and Schmitz, Martin and Riemann, Jan and Dezfuli, Niloofar and Funk, Markus and Sch{\""o}n, Dominik and M{\""u}hlh{\""a}user, Max},
  year = {2018},
  month = apr,
  series = {{{CHI EA}} '18},
  pages = {1--6},
  publisher = {Association for Computing Machinery},
  address = {New York, NY, USA},
  doi = {10.1145/3170427.3188647},
  urldate = {2024-07-17},
  abstract = {The digitalized world comes with increasing Internet capabilities, allowing to connect persons over distance easier than ever before. Video conferencing and similar online applications create great benefits bringing people who physically cannot spend as much time as they want virtually together. However, such remote experiences can also tend to lose the feeling of traditional experiences. People lack direct visual presence and no haptic feedback is available. In this paper, we tackle this problem by introducing our system called CheckMate. We combine Augmented Reality and capacitive 3D printed objects that can be sensed on an interactive surface to enable remote interaction while providing the same tangible experience as in co-located scenarios. As a proof-of-concept, we implemented a sample application based on the traditional chess game.},
  isbn = {978-1-4503-5621-3},
  file = {D:\_Zotero\storage\5VT622AX\Günther et al_2018_CheckMate.pdf}
}",10.1145/3170427.3188647,,,x,,,,,,x,,,,,,,,,,x,,,,,,,,,,,,,,,,,,,,,,,,,,,,,,,,,,,,,,,,,,,,,,,,x,,,,,,,,,,,,,,x,,,,,,
99,2018,"Thammathip Piumsomboon, Gun A. Lee, Jonathon D. Hart, Barrett Ens, Robert W. Lindeman, Bruce H. Thomas, Mark Billinghurst",Mini-Me: An Adaptive Avatar for Mixed Reality Remote Collaboration,"@inproceedings{piumsomboon2018minimea,
  title = {Mini-{{Me}}: {{An Adaptive Avatar}} for {{Mixed Reality Remote Collaboration}}},
  shorttitle = {Mini-{{Me}}},
  booktitle = {Proceedings of the 2018 {{CHI Conference}} on {{Human Factors}} in {{Computing Systems}}},
  author = {Piumsomboon, Thammathip and Lee, Gun A. and Hart, Jonathon D. and Ens, Barrett and Lindeman, Robert W. and Thomas, Bruce H. and Billinghurst, Mark},
  year = {2018},
  month = apr,
  series = {{{CHI}} '18},
  pages = {1--13},
  publisher = {Association for Computing Machinery},
  address = {New York, NY, USA},
  doi = {10.1145/3173574.3173620},
  urldate = {2023-07-05},
  abstract = {We present Mini-Me, an adaptive avatar for enhancing Mixed Reality (MR) remote collaboration between a local Augmented Reality (AR) user and a remote Virtual Reality (VR) user. The Mini-Me avatar represents the VR user's gaze direction and body gestures while it transforms in size and orientation to stay within the AR user's field of view. A user study was conducted to evaluate Mini-Me in two collaborative scenarios: an asymmetric remote expert in VR assisting a local worker in AR, and a symmetric collaboration in urban planning. We found that the presence of the Mini-Me significantly improved Social Presence and the overall experience of MR collaboration.},
  isbn = {978-1-4503-5620-6},
  keywords = {AR VR Mix,augmented reality,avatar,awareness,gaze,gesture,mixed reality,redirected,remote collaboration,remote embodiment,virtual reality},
  file = {D:\_Zotero\storage\XXAUDVGM\Piumsomboon et al. - 2018 - Mini-Me An Adaptive Avatar for Mixed Reality Remo.pdf}
}",10.1145/3173574.3173620,x,x,x,,,x,x,,x,,,,,x,x,,,,,,,x,,,,,,,,,,,,x,,,,,,,,,,,,,,,,,,,,x,,x,,x,,x,x,,x,,x,x,,,,x,,,,,,,,,,,,,,,,,
105,2018,"Martin Feick, Anthony Tang, Scott Bateman",Mixed-Reality for Object-Focused Remote Collaboration,"@inproceedings{feick2018mixedreality,
  title = {Mixed-{{Reality}} for {{Object-Focused Remote Collaboration}}},
  booktitle = {Adjunct {{Proceedings}} of the 31st {{Annual ACM Symposium}} on {{User Interface Software}} and {{Technology}}},
  author = {Feick, Martin and Tang, Anthony and Bateman, Scott},
  year = {2018},
  series = {{{UIST}} '18 {{Adjunct}}},
  pages = {63--65},
  publisher = {Association for Computing Machinery},
  address = {New York, NY, USA},
  doi = {10.1145/3266037.3266102},
  abstract = {In this paper we outline the design of a mixed-reality system to support object-focused remote collaboration. Here, being able to adjust collaborators' perspectives on the object as well as understand one another's perspective is essential to support effective collaboration over distance. We propose a low-cost mixed-reality system that allows users to: (1) quickly align and understand each other's perspective; (2) explore objects independently from one another, and (3) render gestures in the remote's workspace. In this work, we focus on the expert's role and we introduce an interaction technique allowing users to quickly manipulation 3D virtual objects in space.},
  isbn = {978-1-4503-5949-8},
  keywords = {ar,mixed reality,object-focused remote collaboration,vr}
}",10.1145/3266037.3266102,x,,,,,,,,,x,x,,,,,,,,,,,,,,,,,,,,,,,,,,,,,,,,,,,,,,,,,,,,,,x,,,,,,,,x,,,,x,x,,,,,,,x,,,,,,,,,,
108,2018,"Lei Gao, Huidong Bai, Weiping He, Mark Billinghurst, Robert W. Lindeman",Real-time visual representations for mobile mixed reality remote collaboration,"@inproceedings{gao2018realtime,
  title = {Real-Time Visual Representations for Mobile Mixed Reality Remote Collaboration},
  booktitle = {{{SIGGRAPH Asia}} 2018 {{Virtual}} \& {{Augmented Reality}}},
  author = {Gao, Lei and Bai, Huidong and He, Weiping and Billinghurst, Mark and Lindeman, Robert W.},
  year = {2018},
  month = dec,
  series = {{{SA}} '18},
  pages = {1--2},
  publisher = {Association for Computing Machinery},
  address = {New York, NY, USA},
  doi = {10.1145/3275495.3275515},
  urldate = {2024-07-18},
  abstract = {In this study we present a Mixed-Reality based mobile remote collaboration system that enables an expert providing real-time assistance over a physical distance. By using the Google ARCore position tracking, we can integrate the keyframes captured with one external depth sensor attached to the mobile phone as one single 3D point-cloud data set to present the local physical environment into the VR world. This captured local scene is then wirelessly streamed to the remote side for the expert to view while wearing a mobile VR headset (HTC VIVE Focus). In this case, the remote expert can immerse himself/herself in the VR scene and provide guidance just as sharing the same work environment with the local worker. In addition, the remote guidance is also streamed back to the local side as an AR cue overlaid on top of the local video see-through display. Our proposed mobile remote collaboration system supports a pair of participants performing as one remote expert guiding one local worker on some physical tasks in a more natural and efficient way in a large scale work space from a distance by simulating the face-to-face co-work experience using the Mixed-Reality technique.},
  isbn = {978-1-4503-6028-9},
  file = {D:\_Zotero\storage\4A66NCCF\Gao et al_2018_Real-time visual representations for mobile mixed reality remote collaboration.pdf}
}",10.1145/3275495.3275515,x,,,,,,,,,x,x,,,,,,,,,,,,,,x,,,,,,,,,,,,,,,,,,,,,,,,,,,,,,,,,,,,,,,,,,,,,,,,,,,,x,,,,,,,,,,
110,2018,"Jan Kolkmeier, Emiel Harmsen, Sander Giesselink, Dennis Reidsma, Mari{\e}t Theune, Dirk Heylen",With a little help from a holographic friend: the OpenIMPRESS mixed reality telepresence toolkit for remote collaboration systems,"@inproceedings{kolkmeier2018little,
  title = {With a Little Help from a Holographic Friend: The {{OpenIMPRESS}} Mixed Reality Telepresence Toolkit for Remote Collaboration Systems},
  booktitle = {Proceedings of the 24th {{ACM Symposium}} on {{Virtual Reality Software}} and {{Technology}}},
  author = {Kolkmeier, Jan and Harmsen, Emiel and Giesselink, Sander and Reidsma, Dennis and Theune, Mari{\""e}t and Heylen, Dirk},
  year = {2018},
  series = {{{VRST}} '18},
  publisher = {Association for Computing Machinery},
  address = {New York, NY, USA},
  doi = {10.1145/3281505.3281542},
  abstract = {Remote mixed reality (MR) collaboration systems allow for multimodal, real-time support from remote experts. We present our open toolkit that provides a flexible end-to-end solution for building such systems using off-the-shelf hardware. From related work, three core design aspects have been identified: 1) the independence of the viewpoint that the visitor (the remote expert) can take in relation to position and viewpoint of the visitee, 2) the immersiveness of the presentation technology for visitor and visitee, and 3) the extent to which the visitor's body is represented in the visitee's environment. This paper describes the implementation of our system, which includes these aspects. In a study aimed at validating whether we implemented these core aspects to good effect, conducted with a collaborative puzzle application built with our toolkit, we examine how variations of these aspects contribute to usability, performance and social presence related metrics.},
  isbn = {978-1-4503-6086-9},
  keywords = {collaboration,embodiment,mixed reality,telepresence}
}",10.1145/3281505.3281542,,,x,,,,,,,x,,,,x,x,x,,,x,,,x,,,x,,,,,,x,,,,,,,,,,,,,,,x,,x,,,,,,,,,,,,,,,,,,,,,,,,,,,,,,,,,,,,,,,
114,2019,"Seungwon Kim, Gun Lee, Weidong Huang, Hayun Kim, Woontack Woo, Mark Billinghurst",Evaluating the Combination of Visual Communication Cues for HMD-based Mixed Reality Remote Collaboration,"@inproceedings{kim2019evaluating,
  title = {Evaluating the {{Combination}} of {{Visual Communication Cues}} for {{HMD-based Mixed Reality Remote Collaboration}}},
  booktitle = {Proceedings of the 2019 {{CHI Conference}} on {{Human Factors}} in {{Computing Systems}}},
  author = {Kim, Seungwon and Lee, Gun and Huang, Weidong and Kim, Hayun and Woo, Woontack and Billinghurst, Mark},
  year = {2019},
  series = {{{CHI}} '19},
  pages = {1--13},
  publisher = {Association for Computing Machinery},
  address = {New York, NY, USA},
  doi = {10.1145/3290605.3300403},
  abstract = {Many researchers have studied various visual communication cues (e.g. pointer, sketching, and hand gesture) in Mixed Reality remote collaboration systems for real-world tasks. However, the effect of combining them has not been so well explored. We studied the effect of these cues in four combinations: hand only, hand + pointer, hand + sketch, and hand + pointer + sketch, with three problem tasks: Lego, Tangram, and Origami. The study results showed that the participants completed the task significantly faster and felt a significantly higher level of usability when the sketch cue is added to the hand gesture cue, but not with adding the pointer cue. Participants also preferred the combinations including hand and sketch cues over the other combinations. However, using additional cues (pointer or sketch) increased the perceived mental effort and did not improve the feeling of co-presence. We discuss the implications of these results and future research directions.},
  isbn = {978-1-4503-5970-2},
  keywords = {co-presence,mixed reality,remote collaboration,usability,visual communication cue}
}",10.1145/3290605.3300403,x,,,,,,,,,x,,,x,x,,,,,,,,x,,,,,,,x,,,,,,,,,,,,,,,,,,,,,,,,,,,,,,,,,,,x,,,,,,x,,,x,x,,,x,,,x,x,,x,,,,
115,2019,"Theophilus Teo, Louise Lawrence, Gun A. Lee, Mark Billinghurst, Matt Adcock",Mixed Reality Remote Collaboration Combining 360 Video and 3D Reconstruction,"@inproceedings{teo2019mixed,
  title = {Mixed {{Reality Remote Collaboration Combining}} 360 {{Video}} and {{3D Reconstruction}}},
  booktitle = {Proceedings of the 2019 {{CHI Conference}} on {{Human Factors}} in {{Computing Systems}}},
  author = {Teo, Theophilus and Lawrence, Louise and Lee, Gun A. and Billinghurst, Mark and Adcock, Matt},
  year = {2019},
  month = may,
  series = {{{CHI}} '19},
  pages = {1--14},
  publisher = {Association for Computing Machinery},
  address = {New York, NY, USA},
  doi = {10.1145/3290605.3300431},
  urldate = {2024-07-30},
  abstract = {Remote Collaboration using Virtual Reality (VR) and Augmented Reality (AR) has recently become a popular way for people from different places to work together. Local workers can collaborate with remote helpers by sharing 360-degree live video or 3D virtual reconstruction of their surroundings. However, each of these techniques has benefits and drawbacks. In this paper we explore mixing 360 video and 3D reconstruction together for remote collaboration, by preserving benefits of both systems while reducing drawbacks of each. We developed a hybrid prototype and conducted user study to compare benefits and problems of using 360 or 3D alone to clarify the needs for mixing the two, and also to evaluate the prototype system. We found participants performed significantly better on collaborative search tasks in 360 and felt higher social presence, yet 3D also showed potential to complement. Participant feedback collected after trying our hybrid system provided directions for improvement.},
  isbn = {978-1-4503-5970-2},
  file = {D:\_Zotero\storage\4LW5MKIL\Teo et al_2019_Mixed Reality Remote Collaboration Combining 360 Video and 3D Reconstruction.pdf}
}",10.1145/3290605.3300431,,,,x,,,,,,x,,,,x,x,,,,,,,x,x,,,,,,x,,,,,,,,,,,,,,,,,,,x,,,,,,,x,x,,x,,,,,,,,,,,x,,,,,,,,,,,,,,,,,,
116,2019,"Thammathip Piumsomboon, Gun A. Lee, Andrew Irlitti, Barrett Ens, Bruce H. Thomas, Mark Billinghurst",On the Shoulder of the Giant: A Multi-Scale Mixed Reality Collaboration with 360 Video Sharing and Tangible Interaction,"@inproceedings{piumsomboon2019shoulder,
  title = {On the {{Shoulder}} of the {{Giant}}: {{A Multi-Scale Mixed Reality Collaboration}} with 360 {{Video Sharing}} and {{Tangible Interaction}}},
  booktitle = {Proceedings of the 2019 {{CHI Conference}} on {{Human Factors}} in {{Computing Systems}}},
  author = {Piumsomboon, Thammathip and Lee, Gun A. and Irlitti, Andrew and Ens, Barrett and Thomas, Bruce H. and Billinghurst, Mark},
  year = {2019},
  series = {{{CHI}} '19},
  pages = {1--17},
  publisher = {Association for Computing Machinery},
  address = {New York, NY, USA},
  doi = {10.1145/3290605.3300458},
  abstract = {We propose a multi-scale Mixed Reality (MR) collaboration between the Giant, a local Augmented Reality user, and the Miniature, a remote Virtual Reality user, in Giant-Miniature Collaboration (GMC). The Miniature is immersed in a 360-video shared by the Giant who can physically manipulate the Miniature through a tangible interface, a combined 360-camera with a 6 DOF tracker. We implemented a prototype system as a proof of concept and conducted a user study (n=24) comprising of four parts comparing: A) two types of virtual representations, B) three levels of Miniature control, C) three levels of 360-video view dependencies, and D) four 360-camera placement positions on the Giant. The results show users prefer a shoulder mounted camera view, while a view frustum with a complimentary avatar is a good visualization for the Miniature virtual representation. From the results, we give design recommendations and demonstrate an example Giant-Miniature Interaction.},
  isbn = {978-1-4503-5970-2},
  keywords = {live panorama sharing,mixed reality,multi-scale,remote collaboration,tangible user interface,wearable interface}
}",10.1145/3290605.3300458,,,,x,,,,,,x,,,,,x,,,,,,,x,x,,,,,,,,,,,,,,,,,,,,,x,,,,,,,,,,,,,,,,,,,,,x,,,,x,x,,,,,,,,,,,,,,,,,
117,2018,"Theophilus Teo, Gun A. Lee, Mark Billinghurst, Matt Adcock",Hand gestures and visual annotation in live 360 panorama-based mixed reality remote collaboration,"@inproceedings{teo2018hand,
  title = {Hand Gestures and Visual Annotation in Live 360 Panorama-Based Mixed Reality Remote Collaboration},
  booktitle = {Proceedings of the 30th {{Australian Conference}} on {{Computer-Human Interaction}}},
  author = {Teo, Theophilus and Lee, Gun A. and Billinghurst, Mark and Adcock, Matt},
  year = {2018},
  series = {{{OzCHI}} '18},
  pages = {406--410},
  publisher = {Association for Computing Machinery},
  address = {New York, NY, USA},
  doi = {10.1145/3292147.3292200},
  abstract = {In this paper, we investigate hand gestures and visual annotation cues overlaid in a live 360 panorama-based Mixed Reality remote collaboration. The prototype system captures 360 live panorama video of the surroundings of a local user and shares it with another person in a remote location. The two users wearing Augmented Reality or Virtual Reality head-mounted displays can collaborate using augmented visual communication cues such as virtual hand gestures, ray pointing, and drawing annotations. Our preliminary user evaluation comparing these cues found that using visual annotation cues (ray pointing and drawing annotation) helps local users perform collaborative tasks faster, easier, making less errors and with better understanding, compared to using only virtual hand gestures.},
  isbn = {978-1-4503-6188-0},
  keywords = {gesture communication,mixed reality,remote collaboration}
}",10.1145/3292147.3292200,,,,x,,,,,,x,,,,x,,,,,,,,x,,x,,,,,,,,,x,,,,,,,,,,,,,,x,x,,,,,,,,,,,,,,,,,,,,,,,,,,,,,,,,,,,,,,,
119,2020,"Huidong Bai, Prasanth Sasikumar, Jing Yang, Mark Billinghurst",A User Study on Mixed Reality Remote Collaboration with Eye Gaze and Hand Gesture Sharing,"@inproceedings{bai2020user,
  title = {A {{User Study}} on {{Mixed Reality Remote Collaboration}} with {{Eye Gaze}} and {{Hand Gesture Sharing}}},
  booktitle = {Proceedings of the 2020 {{CHI Conference}} on {{Human Factors}} in {{Computing Systems}}},
  author = {Bai, Huidong and Sasikumar, Prasanth and Yang, Jing and Billinghurst, Mark},
  year = {2020},
  month = apr,
  series = {{{CHI}} '20},
  pages = {1--13},
  publisher = {Association for Computing Machinery},
  address = {New York, NY, USA},
  doi = {10.1145/3313831.3376550},
  urldate = {2023-06-13},
  abstract = {Supporting natural communication cues is critical for people to work together remotely and face-to-face. In this paper we present a Mixed Reality (MR) remote collaboration system that enables a local worker to share a live 3D panorama of his/her surroundings with a remote expert. The remote expert can also share task instructions back to the local worker using visual cues in addition to verbal communication. We conducted a user study to investigate how sharing augmented gaze and gesture cues from the remote expert to the local worker could affect the overall collaboration performance and user experience. We found that by combing gaze and gesture cues, our remote collaboration system could provide a significantly stronger sense of co-presence for both the local and remote users than using the gaze cue alone. The combined cues were also rated significantly higher than the gaze in terms of ease of conveying spatial actions.},
  isbn = {978-1-4503-6708-0},
  keywords = {3d panorama,augmented reality,eye gaze,hand gesture,mixed reality,Read MS,remote collaboration,scene reconstruction,virtual reality},
  file = {D:\_Zotero\storage\D4XFK3JP\Bai et al. - 2020 - A User Study on Mixed Reality Remote Collaboration.pdf}
}",10.1145/3313831.3376550,x,,,,,,,,,x,,,,,x,,,,,,,,,x,,,,x,,,,,,,x,,,,,,,,,,,,,,,,,,,,,,,,,,,,,,,,,,x,,,,,,,,,x,x,,,,,,,,
120,2019,"Balasaravanan Thoravi Kumaravel, Fraser Anderson, George Fitzmaurice, Bjoern Hartmann, Tovi Grossman",Loki: Facilitating Remote Instruction of Physical Tasks Using Bi-Directional Mixed-Reality Telepresence,"@inproceedings{thoravikumaravel2019loki,
  title = {Loki: {{Facilitating Remote Instruction}} of {{Physical Tasks Using Bi-Directional Mixed-Reality Telepresence}}},
  shorttitle = {Loki},
  booktitle = {Proceedings of the 32nd {{Annual ACM Symposium}} on {{User Interface Software}} and {{Technology}}},
  author = {Thoravi Kumaravel, Balasaravanan and Anderson, Fraser and Fitzmaurice, George and Hartmann, Bjoern and Grossman, Tovi},
  year = {2019},
  month = oct,
  pages = {161--174},
  publisher = {ACM},
  address = {New Orleans LA USA},
  doi = {10.1145/3332165.3347872},
  urldate = {2024-03-01},
  isbn = {978-1-4503-6816-2},
  langid = {english},
  keywords = {learning,mixed reality,physical tasks,remote guidance},
  file = {D:\_Zotero\storage\K47UL8LX\Thoravi Kumaravel et al. - 2019 - Loki Facilitating Remote Instruction of Physical .pdf}
}",10.1145/3332165.3347872,x,,,,,,,x,x,,,,,,,x,,,,,,x,x,,,,,,,,,,x,,x,,,,x,,,,,x,,,,,,,,,,,,,,,,,,,,,,,,,,,,,,,,,,,,,,x,x,,,x,
123,2019,"Jens M{\u}ller, Johannes Zagermann, Jonathan Wieland, Ulrike Pfeil, Harald Reiterer",A Qualitative Comparison Between Augmented and Virtual Reality Collaboration with Handheld Devices,"@inproceedings{muller2019qualitative,
  title = {A {{Qualitative Comparison Between Augmented}} and {{Virtual Reality Collaboration}} with {{Handheld Devices}}},
  booktitle = {Proceedings of {{Mensch}} Und {{Computer}} 2019},
  author = {M{\""u}ller, Jens and Zagermann, Johannes and Wieland, Jonathan and Pfeil, Ulrike and Reiterer, Harald},
  year = {2019},
  month = sep,
  series = {{{MuC}} '19},
  pages = {399--410},
  publisher = {Association for Computing Machinery},
  address = {New York, NY, USA},
  doi = {10.1145/3340764.3340773},
  urldate = {2024-07-30},
  abstract = {Handheld Augmented Reality (AR) displays offer a see-through option to create the illusion of virtual objects being integrated into the viewer's physical environment. Some AR display technologies also allow for the deactivation of the see-through option, turning AR tablets into Virtual Reality (VR) devices that integrate the virtual objects into an exclusively virtual environment. Both display configurations are typically available on handheld devices, raising the question of their influence on users' experience during collaborative activities. In two experiments, we studied how the different display configurations influence user experience, workload, and team performance of co-located and distributed collaborators during a spatial referencing task. A mixed-methods approach revealed that participants' opinions were polarized towards the two display configurations, regardless of the spatial distribution of collaboration. Based on our findings, we identify critical aspects to be addressed in future research to better understand and support co-located and distributed collaboration using AR and VR displays.},
  isbn = {978-1-4503-7198-8},
  file = {D:\_Zotero\storage\D9YJ7J6E\Müller et al_2019_A Qualitative Comparison Between Augmented and Virtual Reality Collaboration.pdf}
}",10.1145/3340764.3340773,,,x,x,,,,,,x,,,,,x,,,,,,,,,,,,,,,,,,,,,,,,,,,,,,,,,,x,,,,,,,,,,,,,,,,,,,,,,,,x,x,,,,,,,,,,,,,
124,2019,"Gordon Brown, Michael Prilla",Evaluating Pointing Modes and Frames of Reference for Remotely Supporting an Augmented Reality User in a Collaborative (Virtual) Environment: Evaluation within the Scope of a Remote Consultation Session,"@inproceedings{brown2019evaluating,
  title = {Evaluating {{Pointing Modes}} and {{Frames}} of {{Reference}} for {{Remotely Supporting}} an {{Augmented Reality User}} in a {{Collaborative}} ({{Virtual}}) {{Environment}}: {{Evaluation}} within the {{Scope}} of a {{Remote Consultation Session}}},
  shorttitle = {Evaluating {{Pointing Modes}} and {{Frames}} of {{Reference}} for {{Remotely Supporting}} an {{Augmented Reality User}} in a {{Collaborative}} ({{Virtual}}) {{Environment}}},
  booktitle = {Proceedings of {{Mensch}} Und {{Computer}} 2019},
  author = {Brown, Gordon and Prilla, Michael},
  year = {2019},
  month = sep,
  series = {{{MuC}} '19},
  pages = {713--717},
  publisher = {Association for Computing Machinery},
  address = {New York, NY, USA},
  doi = {10.1145/3340764.3344896},
  urldate = {2024-09-08},
  abstract = {With the availability of powerful and affordable Augmented Reality (AR) devices, scenarios have become popular in which people wearing AR devices are supported by remote experts. These experts often use 2D peripherals to access the video feed of the 3D head mounted device (HMD) and to augment it with verbal or digital information. This raises the question whether tools that work for these scenarios also work for remote consultations. We conducted a study to (re-)evaluate these tools in a furniture sales consultation context. We focused on the consultant side of these settings and explored how the use of different pointing methods and perspectives affect different situations during a consultation. For this, we developed and evaluated a prototype with ten furniture store workers. Initial results show that while most usability and task load scores were even, the participants reported clear favorites for certain settings. We use these results to derive design recommendations for similar future projects.},
  isbn = {978-1-4503-7198-8}
}",10.1145/3340764.3344896,,x,,x,,,x,,,x,,,,x,,,,,,,,,,,,,,,,,,,,,,,,,,,,,,,,,,,,,,,,,,,x,,,,,,x,,,,,,,,,,,,,,x,,,x,x,,,,,,
127,2019,"Peng Wang, Xiaoliang Bai, Mark Billinghurst, Dechuan Han, Shusheng Zhang, Weiping He, Xiangyu Zhang, Yuxiang Yan",I’m tired of demos: an adaptive MR remote collaborative platform,"@inproceedings{wang2019im,
  title = {I'm Tired of Demos: An Adaptive {{MR}} Remote Collaborative Platform},
  booktitle = {{{SIGGRAPH Asia}} 2019 {{XR}}},
  author = {Wang, Peng and Bai, Xiaoliang and Billinghurst, Mark and Han, Dechuan and Zhang, Shusheng and He, Weiping and Zhang, Xiangyu and Yan, Yuxiang},
  year = {2019},
  series = {{{SA}} '19},
  pages = {17--18},
  publisher = {Association for Computing Machinery},
  address = {New York, NY, USA},
  doi = {10.1145/3355355.3361878},
  abstract = {In AR/MR remote collaboration, a remote expert often has to demonstrate tasks for a local worker. To make this easier, we have developed a new adaptive MR remote collaborative architecture which enables a remote expert to guide a local user in physical assembly and training tasks. A remote user can activate the instructions through simple and intuitive interaction, then clear instructions are shown in both AR (local) and VR (remote) views, enabling a local worker to operate the tool following the instructions. In the demonstration we use a hammer operation as a physical task, showing the benefits of the adaptive MR remote collaborative platform.},
  isbn = {978-1-4503-6947-3},
  keywords = {Augmented Reality (AR),Mixed Reality (MR),physical task.,remote collaboration}
}",10.1145/3355355.3361878,x,x,,,,x,,,,,x,,,,,,,,,,,,,,,,,,,,,,,,,,,,,,,,,,,,,,,,,,,,,,,,,,,,,,,,,,,,,,,,,,x,,,x,,,,,,x,
129,2019,"Hossein Salimian, Stephen Brooks, Derek Reilly",MP Remix: Relaxed WYSIWIS Immersive Interfaces for Mixed Presence Collaboration With 3D Content,"@article{salimian2019mp,
  title = {{{MP Remix}}: {{Relaxed WYSIWIS Immersive Interfaces}} for {{Mixed Presence Collaboration With 3D Content}}},
  shorttitle = {{{MP Remix}}},
  author = {Salimian, Hossein and Brooks, Stephen and Reilly, Derek},
  year = {2019},
  month = nov,
  journal = {Proceedings of the ACM on Human-Computer Interaction},
  volume = {3},
  number = {CSCW},
  pages = {105:1--105:22},
  doi = {10.1145/3359207},
  urldate = {2024-04-26},
  abstract = {to create an integrated space. We consider an MR configuration in which collocated collaborators work around a tabletop display, while remote collaborators wear an HMD to interact with a connected virtual environment that gives a 3D perspective, and consider the impact of varying degrees of view congruence with their collaborators. In a within-subjects study with 18 groups of 3, groups completed task scenarios involving 3D object manipulation around a physical-virtual mapped tabletop. We compare a synchronized Tabletop display baseline and two MR conditions with different levels of view congruence: Fishtank and Hover. Fishtank has a high degree of congruence as it shares a top-down perspective of the 3D objects with the tabletop collaborators. The Hover condition has less view congruence since 3D content hovers front of the remote collaborator above the table. The MR conditions yielded higher self-reported awareness and co-presence than the Tabletop condition for both collocated and remote participants. Remote collaborators significantly preferred the MR conditions for manipulating shared 3D models and communicating with their collaborators. Our findings illustrate strengths and weaknesses of both MR techniques but show that more participants preferred the less-congruent Hover condition overall. Reasons include that it facilitated interaction and viewing 3D objects.},
  keywords = {3D interaction,awareness,co-presence,collaboration,CSCW,mixed presence,virtual reality},
  file = {D:\_Zotero\storage\HY5H8I7E\Salimian et al. - 2019 - MP Remix Relaxed WYSIWIS Immersive Interfaces for.pdf}
}",10.1145/3359207,,x,,,,,,,,x,,,x,,x,x,,,,,,,,,,,,,,,,,,,,,,,,,,,,,,,,,,x,,,,,,,x,,,,,,,,,,,x,x,,,,,x,,,,,,,,,,,,,
130,2019,"Theophilus Teo, Ashkan F. Hayati, Gun A. Lee, Mark Billinghurst, Matt Adcock",A Technique for Mixed Reality Remote Collaboration using 360 Panoramas in 3D Reconstructed Scenes,"@inproceedings{teo2019technique,
  title = {A {{Technique}} for {{Mixed Reality Remote Collaboration}} Using 360 {{Panoramas}} in {{3D Reconstructed Scenes}}},
  booktitle = {Proceedings of the 25th {{ACM Symposium}} on {{Virtual Reality Software}} and {{Technology}}},
  author = {Teo, Theophilus and F. Hayati, Ashkan and A. Lee, Gun and Billinghurst, Mark and Adcock, Matt},
  year = {2019},
  series = {{{VRST}} '19},
  publisher = {Association for Computing Machinery},
  address = {New York, NY, USA},
  doi = {10.1145/3359996.3364238},
  abstract = {Mixed Reality (MR) remote collaboration provides an enhanced immersive experience where a remote user can provide verbal and nonverbal assistance to a local user to increase the efficiency and performance of the collaboration. This is usually achieved by sharing the local user's environment through live 360 video or a 3D scene, and using visual cues to gesture or point at real objects allowing for better understanding and collaborative task performance. While most of prior work used one of the methods to capture the surrounding environment, there may be situations where users have to choose between using 360 panoramas or 3D scene reconstruction to collaborate, as each have unique benefits and limitations. In this paper we designed a prototype system that combines 360 panoramas into a 3D scene to introduce a novel way for users to interact and collaborate with each other. We evaluated the prototype through a user study which compared the usability and performance of our proposed approach to live 360 video collaborative system, and we found that participants enjoyed using different ways to access the local user's environment although it took them longer time to learn to use our system. We also collected subjective feedback for future improvements and provide directions for future research.},
  isbn = {978-1-4503-7001-1},
  keywords = {360 Panorama,3D Scene Reconstruction,Interaction Methods,Mixed Reality,Remote Collaboration,Virtual Reality}
}",10.1145/3359996.3364238,x,x,,,,,,,,x,,,x,,x,,,,,,,x,x,,x,,,x,x,,,,,,,,,,,,,,,,,,,x,,,,,,,,,,x,,,,,,,,,,,x,,,,,,,,,,,,,,,,,,
131,2019,"Rafael Kuffner Dos Anjos, Maur{\'i}cio Sousa, Daniel Mendes, Daniel Medeiros, Mark Billinghurst, Craig Anslow, Joaquim Jorge",Adventures in Hologram Space: Exploring the Design Space of Eye-to-eye Volumetric Telepresence,"@inproceedings{anjos2019adventures,
  title = {Adventures in {{Hologram Space}}: {{Exploring}} the {{Design Space}} of {{Eye-to-eye Volumetric Telepresence}}},
  shorttitle = {Adventures in {{Hologram Space}}},
  booktitle = {25th {{ACM Symposium}} on {{Virtual Reality Software}} and {{Technology}}},
  author = {Anjos, Rafael Kuffner Dos and Sousa, Maur{\'i}cio and Mendes, Daniel and Medeiros, Daniel and Billinghurst, Mark and Anslow, Craig and Jorge, Joaquim},
  year = {2019},
  month = nov,
  pages = {1--5},
  publisher = {ACM},
  address = {Parramatta NSW Australia},
  doi = {10.1145/3359996.3364244},
  urldate = {2024-09-08},
  copyright = {http://www.acm.org/publications/policies/copyright\_policy\#Background},
  isbn = {978-1-4503-7001-1},
  langid = {english}
}",10.1145/3359996.3364244,,,,x,,,,,,x,,x,,,,,,,,,,,,,,,,,,,,,,,,,,,,,,,,,,,,,,x,,,,,,,,,x,,,,,,,x,,,,,,,,,,,,,,,,,,,,,
132,2019,"Theophilus Teo, Gun A. Lee, Mark Billinghurst, Matt Adcock",Investigating the use of Different Visual Cues to Improve Social Presence within a 360 Mixed Reality Remote Collaboration*,"@inproceedings{teo2019investigating,
  title = {Investigating the Use of {{Different Visual Cues}} to {{Improve Social Presence}} within a 360 {{Mixed Reality Remote Collaboration}}*},
  booktitle = {Proceedings of the 17th {{International Conference}} on {{Virtual-Reality Continuum}} and Its {{Applications}} in {{Industry}}},
  author = {Teo, Theophilus and Lee, Gun A. and Billinghurst, Mark and Adcock, Matt},
  year = {2019},
  month = nov,
  series = {{{VRCAI}} '19},
  pages = {1--9},
  publisher = {Association for Computing Machinery},
  address = {New York, NY, USA},
  doi = {10.1145/3359997.3365687},
  urldate = {2024-07-30},
  abstract = {In this paper, we investigate the social aspects and effects of various visual cues in a 360 panorama-based Mixed Reality remote collaboration system. We conducted a series of user studies using a prototype system to compare the effects of different combinations of visual cues including hand gestures, ray pointing and drawing in a remote collaborative task. We found that adding ray pointing and drawing can enhance the social aspects of a remote collaborative experience and also can lower the required task mental effort. We discuss the findings and suggest directions for future research.},
  isbn = {978-1-4503-7002-8},
  file = {D:\_Zotero\storage\UANBSVR5\Teo et al_2019_Investigating the use of Different Visual Cues to Improve Social Presence.pdf}
}",10.1145/3359997.3365687,x,,,x,,,,,,x,,,,x,,x,,,,,,x,,x,,,,,,,,,,,,,,,,,,,,,,,,,,,,,,,,,,,,,,,,,,,,x,,,,,,,,,,,,,,,,,,,
133,2019,"Mitchell Norman, Gun A. Lee, Ross T. Smith, Mark Billingurst",The Impact of Remote User’s Role in a Mixed Reality Mixed Presence System,"@inproceedings{norman2019impact,
  title = {The {{Impact}} of {{Remote User}}'s {{Role}} in a {{Mixed Reality Mixed Presence System}}},
  booktitle = {Proceedings of the 17th {{International Conference}} on {{Virtual-Reality Continuum}} and Its {{Applications}} in {{Industry}}},
  author = {Norman, Mitchell and Lee, Gun A. and Smith, Ross T. and Billingurst, Mark},
  year = {2019},
  month = nov,
  series = {{{VRCAI}} '19},
  pages = {1--9},
  publisher = {Association for Computing Machinery},
  address = {New York, NY, USA},
  doi = {10.1145/3359997.3365691},
  urldate = {2023-06-13},
  abstract = {Research has shown that Mixed Presence (MP) systems are a valuable collaboration tool. However current research into MP systems is limited to a handful of tabletop and Virtual Reality (VR) systems with no exploration of Head-Mounted Display (HMD) based Mixed Reality (MR) solutions. In this paper, we present a prototype HMD based MR Mixed Presence system we designed and developed. We conducted a user study to investigate how different role assignment affects coordination and engagement in a group task with two local users using MR HMDs, and one remote user with a desktop-based Augmented Reality (AR) interface. The results indicated that the role of coordinator significantly increased the remote user's engagement with increased usage of visual communication cues. This is further supported by the mental effort and perceived dominance reported by users. Feedback from users also indicated visual communication cues are valuable for remote users in MP systems.},
  isbn = {978-1-4503-7002-8},
  keywords = {AR VR Mix,Collaboration,Coordination,Group Roles,Mixed Presence Groupware,Mixed Reality,Read KLK,Read MS},
  file = {D:\_Zotero\storage\PXJHIJAT\Norman et al. - 2019 - The Impact of Remote User’s Role in a Mixed Realit.pdf}
}",10.1145/3359997.3365691,,x,,,,,x,,,,,,,x,,,,,,,,,,,,,,,,,,,,,,,,,,,,,,,,,,,,,,,,,,,,,,,,,x,,,,,,,,,x,,,,,x,,,x,x,,,,,,
141,2020,"Jacob Young, Tobias Langlotz, Steven Mills, Holger Regenbrecht",Mobileportation: Nomadic Telepresence for Mobile Devices,"@article{young2020mobileportation,
  title = {Mobileportation: {{Nomadic Telepresence}} for {{Mobile Devices}}},
  shorttitle = {Mobileportation},
  author = {Young, Jacob and Langlotz, Tobias and Mills, Steven and Regenbrecht, Holger},
  year = {2020},
  month = jun,
  journal = {Proc. ACM Interact. Mob. Wearable Ubiquitous Technol.},
  volume = {4},
  number = {2},
  pages = {65:1--65:16},
  doi = {10.1145/3397331},
  urldate = {2024-09-08},
  abstract = {The desire to stay connected to one another over large distances has guided decades of telepresence research. Most focuses on stationary solutions that can deliver high-fidelity telepresence experiences, but these are usually impractical for the wider population who cannot afford the necessary proprietary equipment or are unwilling to regress to non-mobile communication. In this paper we present Mobileportation, a nomadic telepresence prototype that takes advantage of recent developments in mobile technology to provide immersive experiences wherever the user desires by allowing for seamless transitions between ego- and exocentric views within a mutually shared three-dimensional environment. The results of a user study are also discussed that show Mobileportation's ability to induce a sense of presence within this environment and with the remote communication partner, as well as the potential of this platform for future telepresence research.},
  file = {D:\_Zotero\storage\F7G88A9X\Young et al. - 2020 - Mobileportation Nomadic Telepresence for Mobile D.pdf}
}",10.1145/3397331,,,,x,,,,,x,x,,x,,,,,,,,,x,,,x,,,,,x,,,,,,,,,,,,,,,x,,,,,,,,,,,,,,,,,,,,,,,,,,,,,,,,,,,,,,,,,,,
143,2020,"Nicolas Kahrl, Michael Prilla, Oliver Blunk",Show me your living room: investigating the role of representing user environments in AR remote consultations,"@inproceedings{kahrl2020show,
  title = {Show Me Your Living Room: Investigating the Role of Representing User Environments in {{AR}} Remote Consultations},
  booktitle = {Proceedings of {{Mensch Und Computer}} 2020},
  author = {Kahrl, Nicolas and Prilla, Michael and Blunk, Oliver},
  year = {2020},
  series = {{{MuC}} '20},
  pages = {267--277},
  publisher = {Association for Computing Machinery},
  address = {New York, NY, USA},
  doi = {10.1145/3404983.3405520},
  abstract = {The study reported here investigates AR based support for remote consultations, in which an on-site user is supported by a remote helper. In such situations, it is important for the remote helper (or, in our case, the consultant) to see the environment of the person asking for support in order to relate to it. Based on literature, we created and tested different mechanisms using a 2D video stream with a captured 2D/3D texturized virtual model of the room. In addition, we compared the often-used way of fixing the remote helper's view to the view of the on-site user with the possibility to move around freely in the 2D/3D model. The aim of the study was evaluating how to support an on-site user wearing an AR HMD. The study tested four conditions composed from these differences and with nine real furniture consultants. In the study, we compared four mechanisms in which the consultants were able to place furniture in the living room of a customer and advise the customer on their purchase. We found that there were hardly any differences in task load, social presence or perceived support between the four different conditions. However, participants had clear preferences for certain conditions and aspects of them. From our analysis, we provide recommendations for the design of mixed reality support for remote consultations.},
  isbn = {978-1-4503-7540-5},
  keywords = {augmented reality,collaboration,consultancy,furniture,Read MS,remote support,virtual reality},
  file = {D:\_Zotero\storage\G8BCT26B\Kahrl et al_2020_Show me your living room.pdf}
}",10.1145/3404983.3405520,,x,,x,,,x,,,x,,x,,,,,,,,,,,,,,x,,,,,,,,,,,,,,,,,,,,,,,,,,,,,x,,,,,,,,,,,,,x,x,,x,,,,,,,,,,,,,,x,x,
146,2021,"Iulian Radu, Tugce Joy, Bertrand Schneider",Virtual Makerspaces: Merging AR/VR/MR to Enable Remote Collaborations in Physical Maker Activities,"@inproceedings{radu2021virtual,
  title = {Virtual {{Makerspaces}}: {{Merging AR}}/{{VR}}/{{MR}} to {{Enable Remote Collaborations}} in {{Physical Maker Activities}}},
  booktitle = {Extended {{Abstracts}} of the 2021 {{CHI Conference}} on {{Human Factors}} in {{Computing Systems}}},
  author = {Radu, Iulian and Joy, Tugce and Schneider, Bertrand},
  year = {2021},
  series = {{{CHI EA}} '21},
  publisher = {Association for Computing Machinery},
  address = {New York, NY, USA},
  doi = {10.1145/3411763.3451561},
  abstract = {We present a mixed-reality system for remote collaborations, where collaborators can discuss, explore, create and learn about 3D physical objects. The system combines Hololens augmented reality, 3D Kinect cameras, PC and virtual reality interfaces, into a virtual space that hosts remote collaborators, and physical \&amp; virtual objects.When talented people have access to fabrication tools and expertise, incredible inventions can be manifested to solve local and global problems. Because of this, the ``maker movement'' is a growing phenomenon, manifested through the increased number of maker spaces in many affluent communities. However, many talented individuals lack access to resources in their local communities, and collaboration opportunities with remote experts are wasted due to the limitations of current teleconferencing systems. We present a mixed-reality (MR) system for enabling remote collaborations in the context of maker activities, that allows groups of students and instructors to discuss, explore, create and learn about physical objects. The system combines augmented reality (AR) headsets, 3D cameras, PC and virtual reality (VR) interfaces, into a virtual space that contains multiple remote students, instructors, physical and virtual objects. Remote students can see a real-time 3D scan of the on-site user's physical environment, and the virtual avatars of other students. The system can support learning and exploration by showing virtual overlays on real objects (ex: showing a physical robot's sensor data or internal circuitry) while responding to real-time manipulation of physical objects by the on-site user; and can support design activities by allowing remote and local participants to annotate physical objects with virtual drawings and virtual models. This platform is being developed as an open-source project, and we are currently building applications with the intention to deploy in hybrid makerspace classrooms involving on-site and remote students.},
  isbn = {978-1-4503-8095-9},
  keywords = {collaborative learning,maker spaces,mixed reality,Read MS,remote education},
  file = {D:\_Zotero\storage\GQCARWZQ\Radu et al_2021_Virtual Makerspaces.pdf}
}",10.1145/3411763.3451561,,,,x,,,x,,,,x,,,,,,,,,,,,,,,,,,,,x,,,,,,,,,x,,,,,,,,,,,x,,x,,,,,,,,,,,,,,,,,,,,,,,,,,,,,,,,,,
149,2021,"Danilo Gasques, Janet G. Johnson, Tommy Sharkey, Yuanyuan Feng, Ru Wang, Zhuoqun Robin Xu, Enrique Zavala, Yifei Zhang, Wanze Xie, Xinming Zhang, Konrad Davis, Michael Yip, Nadir Weibel",ARTEMIS: A Collaborative Mixed-Reality System for Immersive Surgical Telementoring,"@inproceedings{gasques2021artemis,
  title = {{{ARTEMIS}}: {{A Collaborative Mixed-Reality System}} for {{Immersive Surgical Telementoring}}},
  shorttitle = {{{ARTEMIS}}},
  booktitle = {Proceedings of the 2021 {{CHI Conference}} on {{Human Factors}} in {{Computing Systems}}},
  author = {Gasques, Danilo and Johnson, Janet G. and Sharkey, Tommy and Feng, Yuanyuan and Wang, Ru and Xu, Zhuoqun Robin and Zavala, Enrique and Zhang, Yifei and Xie, Wanze and Zhang, Xinming and Davis, Konrad and Yip, Michael and Weibel, Nadir},
  year = {2021},
  month = may,
  series = {{{CHI}} '21},
  pages = {1--14},
  publisher = {Association for Computing Machinery},
  address = {New York, NY, USA},
  doi = {10.1145/3411764.3445576},
  urldate = {2024-02-14},
  abstract = {Traumatic injuries require timely intervention, but medical expertise is not always available at the patient's location. Despite recent advances in telecommunications, surgeons still have limited tools to remotely help inexperienced surgeons. Mixed Reality hints at a future where remote collaborators work side-by-side as if co-located; however, we still do not know how current technology can improve remote surgical collaboration. Through role-playing and iterative-prototyping, we identify collaboration practices used by expert surgeons to aid novice surgeons as well as technical requirements to facilitate these practices. We then introduce ARTEMIS, an AR-VR collaboration system that supports these key practices. Through an observational study with two expert surgeons and five novice surgeons operating on cadavers, we find that ARTEMIS supports remote surgical mentoring of novices through synchronous point, draw, and look affordances and asynchronous video clips. Most participants found that ARTEMIS facilitates collaboration despite existing technology limitations explored in this paper.},
  isbn = {978-1-4503-8096-6},
  keywords = {Augmented Reality,Collaboration,Mixed Reality,Read MS,Surgery,Telementoring,Virtual Reality},
  file = {D:\_Zotero\storage\4MK6NE7Q\Gasques et al. - 2021 - ARTEMIS A Collaborative Mixed-Reality System for .pdf}
}",10.1145/3411764.3445576,x,,,,x,,,,,,,,,,,x,,,,,x,,,,,x,x,,,,,,,,,,,,,,,,,,,,,x,,x,,,,,,,,,,,,,,,,,,,,,,,,,,,x,,,,x,,,,,,
153,2021,"Lei Gao, Huidong Bai, Mark Billinghurst, Robert W. Lindeman",User Behaviour Analysis of Mixed Reality Remote Collaboration with a Hybrid View Interface,"@inproceedings{gao2021user,
  title = {User {{Behaviour Analysis}} of {{Mixed Reality Remote Collaboration}} with a {{Hybrid View Interface}}},
  booktitle = {Proceedings of the 32nd {{Australian Conference}} on {{Human-Computer Interaction}}},
  author = {Gao, Lei and Bai, Huidong and Billinghurst, Mark and Lindeman, Robert W.},
  year = {2021},
  series = {{{OzCHI}} '20},
  pages = {629--638},
  publisher = {Association for Computing Machinery},
  address = {New York, NY, USA},
  doi = {10.1145/3441000.3441038},
  abstract = {In this paper, we present a Mixed Reality (MR) remote collaboration system that enables hybrid view sharing from the local worker to the remote expert for real-time remote guidance. The local worker can share either a 2D first-person view, a 360{$^\circ$} live view with a fixed viewpoint, or a 3D free view within a point-cloud reconstruction of the local environment. The remote expert can access these views and freely switch between them in Virtual Reality (VR) for better awareness of the local worker's surroundings. We investigate the remote experts' behaviours while using the hybrid view interface during typical pick-and-place remote guiding tasks. We found that the remote experts prefer to learn the local physical layout and search for the targets with a global perspective from the 3D free view. The results also showed that the experts chose to use the 360{$^\circ$} live view with independent view control rather than the 2D first-person view with high-resolution to control the task procedures and check the local worker's actions. Our study informs the viewpoint interface design for a MR remote collaboration system in various guiding scenarios.},
  isbn = {978-1-4503-8975-4},
  keywords = {Mixed Reality,point cloud,remote collaboration,RGB-D camera,tele-presence},
  file = {D:\_Zotero\storage\88Q8E64I\Gao et al_2021_User Behaviour Analysis of Mixed Reality Remote Collaboration with a Hybrid.pdf}
}",10.1145/3441000.3441038,x,,,,,,,,,x,,,,,x,,,,,,,,,,,,,,,,,,,,,,,x,,,,,,,,,,x,,x,x,,,,,x,,x,,,,,,,,,,,x,,,,,,,,,,,,,,x,,,,
155,2021,"Brennan Jones, Yaying Zhang, Priscilla N. Y. Wong, Sean Rintel",Belonging There: VROOM-ing into the Uncanny Valley of XR Telepresence,"@article{jones2021belonging,
  title = {Belonging {{There}}: {{VROOM-ing}} into the {{Uncanny Valley}} of {{XR Telepresence}}},
  author = {Jones, Brennan and Zhang, Yaying and Wong, Priscilla N. Y. and Rintel, Sean},
  year = {2021},
  month = apr,
  journal = {Proc. ACM Hum.-Comput. Interact.},
  volume = {5},
  number = {CSCW1},
  publisher = {Association for Computing Machinery},
  address = {New York, NY, USA},
  doi = {10.1145/3449133},
  abstract = {The world is entering a new normal of hybrid organisations, in which it will be common that some members are co-located and others are remote. Hybridity is rife with asymmetries that affect our sense of belonging in an organisational space. This paper reports a study of an XR Telepresence technology probe to explore how remote workers might present themselves and be perceived as an equal and unique embodied being in a workplace. VROOM (Virtual Robot Overlay for Online Meetings) augments a standard Mobile Robotic Telepresence experience by (1) adding a virtual avatar overlay of the remote person to the local space, viewable through a HoloLens worn by the local user, through which the remote user can gesture and express themselves, and (2) giving the remote user an immersive 360{$^\circ$} view of the local space, captured by a 360{$^\circ$} camera on the robot, which they can view through a VR headset. We ran a study to understand how pairs of participants (one local and one remote) collaborate using VROOM in a search and word-guessing game. Our findings illustrate that there is much potential for a system like VROOM to support dynamic collaborative activities in which embodiment, gesturing, mobility, spatial awareness, and non-verbal expressions are important. However, there are also challenges to be addressed, specifically around proprioception, the mixing of a physical robot body with a virtual human avatar, uncertainties of others' views and capabilities, fidelity of expressions, and the appearance of the avatar. We conclude with further design suggestions and recommendations for future work.},
  keywords = {augmented reality,avatar,awareness,hybrid meetings,mixed reality,Read MS,remote collaboration,remote embodiment,telepresence,video-mediated communication,virtual reality},
  file = {D:\_Zotero\storage\83P6PCXN\Jones et al. - 2021 - Belonging There VROOM-ing into the Uncanny Valley.pdf}
}",10.1145/3449133,,,,x,,,,,,x,,x,,,x,,,,,,,,,x,,,,,,x,,,x,,x,,,,,x,,,,,,,,,,,,,x,,,,,,,x,x,,,,,x,,,,,x,,,x,x,x,,,x,x,,,,,x,,
161,2021,"Florian Jasche, Jasmin Kirchh{\u}bel, Thomas Ludwig, Peter Tolmie",BeamLite: Diminishing Ecological Fractures of Remote Collaboration through Mixed Reality Environments,"@inproceedings{jasche2021beamlite,
  title = {{{BeamLite}}: {{Diminishing Ecological Fractures}} of {{Remote Collaboration}} through {{Mixed Reality Environments}}},
  booktitle = {Proceedings of the 10th {{International Conference}} on {{Communities}} \&amp; {{Technologies}} - {{Wicked Problems}} in the {{Age}} of {{Tech}}},
  author = {Jasche, Florian and Kirchh{\""u}bel, Jasmin and Ludwig, Thomas and Tolmie, Peter},
  year = {2021},
  series = {C\&amp;{{T}} '21},
  pages = {200--211},
  publisher = {Association for Computing Machinery},
  address = {New York, NY, USA},
  doi = {10.1145/3461564.3461566},
  abstract = {Developing systems to support remote collaboration usually involves creating new environments in which non-co-located participants produce actions that are, at least in part, accessible to one another. However, this typically fractures the relationship between those actions and the sense of a shared environment, engendering difficulties that can render even the simplest of activities problematic. This becomes more pronounced as the activities become more complex and involve physical artifacts. Although mixed reality seems to offer promising ways of overcoming these troubles, there is still a risk of replicating the fractured ecology problem. We report on an empirical study and the development of a mixed reality prototype called BeamLite that seeks to bypass such issues by providing participants with the illusion of them sharing a single familiar place. Although our evaluation revealed possibilities for evading some troubles associated with artifact-focused remote collaboration, it exposed the need for virtual toolboxes that dynamically support specific work practices and the importance of virtual artifacts embedded within the physical environment to further diminish the sense of ecological fracture.},
  isbn = {978-1-4503-9056-9},
  keywords = {Augmented Reality,Mixed Reality,Remote Collaboration,Unfractured Ecologies,Virtual Reality},
  file = {D:\_Zotero\storage\ZFCZJMNE\Jasche et al_2021_BeamLite.pdf}
}",10.1145/3461564.3461566,,,,x,,,x,,,,,x,,,,,,,,,,,,x,,,,,,,,,x,,x,,,,,,,,,,,,,,,x,,x,,,,x,,,x,,x,,x,x,x,x,,,,,,,,x,,x,,,,,,x,,,,x,
162,2021,"Sunny Zhang, Brennan Jones, Sean Rintel, Carman Neustaedter",XRmas: Extended Reality Multi-Agency Spaces for a Magical Remote Christmas,"@inproceedings{zhang2021xrmas,
  title = {{{XRmas}}: {{Extended Reality Multi-Agency Spaces}} for a {{Magical Remote Christmas}}},
  booktitle = {Companion {{Publication}} of the 2021 {{Conference}} on {{Computer Supported Cooperative Work}} and {{Social Computing}}},
  author = {Zhang, Sunny and Jones, Brennan and Rintel, Sean and Neustaedter, Carman},
  year = {2021},
  series = {{{CSCW}} '21 {{Companion}}},
  pages = {203--207},
  publisher = {Association for Computing Machinery},
  address = {New York, NY, USA},
  doi = {10.1145/3462204.3481782},
  abstract = {The COVID-19 pandemic has raised attention toward remote and hybrid communications. Currently, one highly-studied solution lets a remote user use virtual reality (VR) to enter an immersive view of a local space, and local users use augmented reality (AR) to see the remote user's representation and digital contents. Such systems give the remote user a sense of `being there', but we identify two more challenges to address. First, current systems provide remote users with limited agency to control objects and influence the local space. It is necessary to further explore the relationship between users, virtual objects, and physical objects, and how they can play a role in providing richer agency. Second, current systems often try to replicate in-person experiences, but hardly surpass them. We propose XRmas: an AR/VR telepresence system that (1) provides a multi-agency space that allows a remote user to manipulate both virtual and physical objects in a local space, and (2) introduces three family activities in a Christmas context that adopt holographic animation effects to create a `magical' experience that takes users beyond merely the feeling of `being there'. We report on preliminary insights from the use of such a system in a remote family communication context.},
  isbn = {978-1-4503-8479-7},
  file = {D:\_Zotero\storage\VH2MZKGX\Zhang et al_2021_XRmas.pdf}
}",10.1145/3462204.3481782,,,,x,,,,,x,,,,,,,,,,,x,,,,,,,,,,,,,,,,,,,,,,,,,,,,,,,,,x,,,,,,,,,,,,,,,,,,,,,,,,x,,,x,x,,,,,,
163,2021,"Tooba Ahsen, Zi Yi Lim, Aaron L. Gardony, Holly A. Taylor, Jan P de Ruiter, Fahad Dogar",The Effects of Network Outages on User Experience in Augmented Reality Based Remote Collaboration - An Empirical Study,"@article{ahsen2021effects,
  title = {The {{Effects}} of {{Network Outages}} on {{User Experience}} in {{Augmented Reality Based Remote Collaboration}} - {{An Empirical Study}}},
  author = {Ahsen, Tooba and Lim, Zi Yi and Gardony, Aaron L. and Taylor, Holly A. and de Ruiter, Jan P and Dogar, Fahad},
  year = {2021},
  month = oct,
  journal = {Proc. ACM Hum.-Comput. Interact.},
  volume = {5},
  number = {CSCW2},
  publisher = {Association for Computing Machinery},
  address = {New York, NY, USA},
  doi = {10.1145/3476054},
  abstract = {Augmented Reality (AR) applications can enable geographically distant users to collaborate using shared video feeds or interactive 3D holograms, and may be particularly useful in the socially distant context of the Covid-19 pandemic. However, a good user experience is key for their success and could be negatively impacted by network impairments, which are an inevitable occurrence in today's best-effort Internet. In this paper, we present the findings of an empirical user study, aimed at understanding the effects of network outages, on user experience and behavior, in a collaborative AR task. We highlight how network outages affected users in different ways depending on their role in the collaborative task, and how giving users explicit information about poor network conditions helped them deal with some of these negative effects. Furthermore, we report the strategies that users themselves adopted, to deal with outages, such as batching instructions, or shifting to a different spatial referencing style when communicating with their partners. Lastly, based on our findings, we present some design implications for future remote-collaborative AR applications.},
  keywords = {augmented reality,common ground,distributed collaboration,mixed reality,network impairments,network outages,Read MS,remote collaboration,shared holograms,spatial referencing,user experience},
  file = {D:\_Zotero\storage\8K3SE5TA\Ahsen et al_2021_The Effects of Network Outages on User Experience in Augmented Reality Based.pdf}
}",10.1145/3476054,x,,,,,,,,,x,,,,x,x,,,,,,,,,,,,,,,,,,,,,,,,,,,,x,,x,,x,,,,,,,,,,,,,,,x,,,,,,x,,,,,,,,x,,,,,x,,,,,,
166,2021,"Yongjae Lee, Byounghyun Yoo, Soo-Hong Lee",Sharing Ambient Objects Using Real-time Point Cloud Streaming in Web-based XR Remote Collaboration,"@inproceedings{lee2021sharing,
  title = {Sharing {{Ambient Objects Using Real-time Point Cloud Streaming}} in {{Web-based XR Remote Collaboration}}},
  booktitle = {Proceedings of the 26th {{International Conference}} on {{3D Web Technology}}},
  author = {Lee, Yongjae and Yoo, Byounghyun and Lee, Soo-Hong},
  year = {2021},
  series = {{{Web3D}} '21},
  publisher = {Association for Computing Machinery},
  address = {New York, NY, USA},
  doi = {10.1145/3485444.3487642},
  abstract = {Extended reality (XR) collaboration enables collaboration between physical and virtual spaces. Recent XR collaboration studies have focused on sharing and understanding the overall situation of the objects of interest (OOIs) and its surrounding ambient objects (AOs) rather than simply recognizing the existence of OOI. The sharing of the overall situation is achieved using three-dimensional (3D) models that replicate objects existing in the physical workspace. There are two approaches for creating the models: pre-reconstruction and real-time reconstruction. The pre-reconstruction approach takes considerable time to create polygon meshes precisely, and the real-time reconstruction approach requires a considerable time to install numerous sensors to perform accurate 3D scanning. In addition, these approaches are difficult to be used on the collaboration in a location beyond the reconstructed space, making them impractical to an actual XR collaboration. The approach proposed in this study separates the objects that form the physical workspace into OOI and AO, models only the OOI as a polygon mesh in advance, and reconstructs the AO into a point cloud using light detection and ranging technology for collaboration. The reconstructed point cloud is shared with remote collaborators through WebRTC, a web-based peer-to-peer networking technology with low latency. Each remote collaborator collects the delivered point cloud to form a virtual space, so that they can intuitively understand the situation at a local site. Because our approach does not create polygon meshes for all objects existing at the local site, we can save time to prepare for collaboration. In addition, we can improve the practicality of XR collaboration by eliminating the need to install numerous sensors at the local site. We introduce a prototype and an example scenario to demonstrate the practicality of our approach.},
  isbn = {978-1-4503-9095-8},
  keywords = {Augmented reality,Extended reality,Real-time point cloud streaming,Remote XR collaboration,Virtual reality,Web-based XR,XR},
  file = {D:\_Zotero\storage\B98V2JKA\Lee et al_2021_Sharing Ambient Objects Using Real-time Point Cloud Streaming in Web-based XR.pdf}
}",10.1145/3485444.3487642,x,,,,,x,,,,,x,,,,,,,,,,,,,,,,,,x,,x,,,,,,x,,,,,,x,,x,,,,,,,,,,,,,,,,,,,,,,,,,,,,,,,,,,,,,,,x,,,
170,2022,"Ana Villanueva, Zhengzhe Zhu, Ziyi Liu, Feiyang Wang, Subramanian Chidambaram, Karthik Ramani",ColabAR: A Toolkit for Remote Collaboration in Tangible Augmented Reality Laboratories,"@article{villanueva2022colabar,
  title = {{{ColabAR}}: {{A Toolkit}} for {{Remote Collaboration}} in {{Tangible Augmented Reality Laboratories}}},
  author = {Villanueva, Ana and Zhu, Zhengzhe and Liu, Ziyi and Wang, Feiyang and Chidambaram, Subramanian and Ramani, Karthik},
  year = {2022},
  month = apr,
  journal = {Proc. ACM Hum.-Comput. Interact.},
  volume = {6},
  number = {CSCW1},
  publisher = {Association for Computing Machinery},
  address = {New York, NY, USA},
  doi = {10.1145/3512928},
  abstract = {Current times are accelerating new technologies to provide high-quality education for remote collaboration, as well as hands-on learning. This is particularly important in the case of laboratory-based classes, which play an essential role in STEM education. In this paper, we introduce ColabAR, a toolkit that uses physical proxies to manipulate virtual objects in Tangible Augmented Reality (TAR) laboratories. ColabAR introduces haptic-based customizable interaction techniques to promote remote collaboration between students. Our toolkit provides hardware and software that enable haptic feedback to improve user experience and promote collaboration during learning. Also, we present the architecture of our cloud platform for haptic interaction that supports information sharing between students in a TAR laboratory. We performed two user studies (N=40) to test the effect of our toolkit in enriching local and remote collaborative experiences. Finally, we demonstrated that our TAR laboratory enables students' performance (i.e., lab completion rate, lab scores) to be similar to their performance in an in-person laboratory.},
  keywords = {augmented reality,collaboration,distance,education,haptics,laboratory,learning,Read MS,remote,STEM,tangibles},
  file = {D:\_Zotero\storage\GR87WL6G\Villanueva et al_2022_ColabAR.pdf}
}",10.1145/3512928,,,x,x,,x,,,,,,,x,,,,x,,,,,x,,x,,,,,,x,,,,,,,,,,x,,,,,,,x,,x,,,x,x,x,x,,,,,,,x,,,,,x,,,,,,,x,,,x,,,x,x,,,,x,,
178,2022,"Keru Wang, Zhu Wang, Karl Rosenberg, Zhenyi He, Dong Woo Yoo, Un Joo Christopher, Ken Perlin",Mixed Reality Collaboration for Complementary Working Styles,"@inproceedings{wang2022mixed,
  title = {Mixed {{Reality Collaboration}} for {{Complementary Working Styles}}},
  booktitle = {{{ACM SIGGRAPH}} 2022 {{Immersive Pavilion}}},
  author = {Wang, Keru and Wang, Zhu and Rosenberg, Karl and He, Zhenyi and Yoo, Dong Woo and Christopher, Un Joo and Perlin, Ken},
  year = {2022},
  series = {{{SIGGRAPH}} '22},
  publisher = {Association for Computing Machinery},
  address = {New York, NY, USA},
  doi = {10.1145/3532834.3536216},
  abstract = {Our project combines immersive VR, multitouch AR, real-time volumetric capture, motion capture, robotically-actuated tangible interfaces at multiple scales, and live coding, in service of a human-centric way of collaborating. Participants bring their unique talents and preferences to collaboratively tackle complex problems in a shared mixed reality world.},
  isbn = {978-1-4503-9369-0},
  keywords = {Mixed reality,remote collaboration,tangible interface},
  file = {D:\_Zotero\storage\N39KDD3P\Wang et al_2022_Mixed Reality Collaboration for Complementary Working Styles.pdf}
}",10.1145/3532834.3536216,,,,x,,,,,,x,x,,,,,,,,,,,,,,,,,,,,,,,,,,,,x,,,,,x,,,,,,,,,,,,,,,,,,,,,,,x,,,,,,,,,,,,,,,,,,,,
183,2023,"Sophie Maria, Helena M. Mentis, Geoffroy Canlorbe, Ignacio Avellino",Supporting Collaborative Discussions In Surgical Teleconsulting Through Augmented Reality Head Mounted Displays,"@inproceedings{maria2023supporting,
  title = {Supporting {{Collaborative Discussions In Surgical Teleconsulting Through Augmented Reality Head Mounted Displays}}},
  booktitle = {Proceedings of the 2023 {{CHI Conference}} on {{Human Factors}} in {{Computing Systems}}},
  author = {Maria, Sophie and Mentis, Helena M. and Canlorbe, Geoffroy and Avellino, Ignacio},
  year = {2023},
  series = {{{CHI}} '23},
  publisher = {Association for Computing Machinery},
  address = {New York, NY, USA},
  doi = {10.1145/3544548.3580714},
  abstract = {Although Augmented Reality (AR) has been touted as the future of surgery, its contribution to distributed collaboration such as in surgical teleconsulting has not been articulated. We propose AR-Head Mounted Displays (AR-HMD) to tackle two previously-identified challenges: operating surgeons needing to view and interact with imaging systems that reside away from the operative field, and, their lack of gesturing tools to point and annotate on the shared images and physical environment. We report on a controlled lab experiment where 12 expert gynecology surgeons perform a tumor localisation task guided by a remote radiologist (confederate) via an AR-HMD. We find that bringing the shared images to the place of work reduces the need for clarifications and provides opportunistic access to information when required, and, that pointing and annotating provides opportunities to further support verbal instruction in deictic communication. Our results inform the design of intraoperative AR-HMD systems for surgical telecollaboration.},
  isbn = {978-1-4503-9421-5},
  keywords = {augmented reality,remote collaboration,teleconsulting},
  file = {D:\_Zotero\storage\M583VX42\Maria et al_2023_Supporting Collaborative Discussions In Surgical Teleconsulting Through.pdf}
}",10.1145/3544548.3580714,x,,,,x,,,,,,,,,,,,x,,,,,,,,,,,,,,,,,,,,,,,,,,,,,,,,,,,,,,,,,,,,,,,,,,,,,,,,,,,,,,,,,,,,x,x,
185,2023,"Ruben Schlagowski, Dariia Nazarenko, Yekta Can, Kunal Gupta, Silvan Mertes, Mark Billinghurst, Elisabeth Andr{\'e}",Wish You Were Here: Mental and Physiological Effects of Remote Music Collaboration in Mixed Reality,"@inproceedings{schlagowski2023wish,
  title = {Wish {{You Were Here}}: {{Mental}} and {{Physiological Effects}} of {{Remote Music Collaboration}} in {{Mixed Reality}}},
  shorttitle = {Wish {{You Were Here}}},
  booktitle = {Proceedings of the 2023 {{CHI Conference}} on {{Human Factors}} in {{Computing Systems}}},
  author = {Schlagowski, Ruben and Nazarenko, Dariia and Can, Yekta and Gupta, Kunal and Mertes, Silvan and Billinghurst, Mark and Andr{\'e}, Elisabeth},
  year = {2023},
  month = apr,
  series = {{{CHI}} '23},
  pages = {1--16},
  publisher = {Association for Computing Machinery},
  address = {New York, NY, USA},
  doi = {10.1145/3544548.3581162},
  urldate = {2023-06-13},
  abstract = {With face-to-face music collaboration being severely limited during the recent pandemic, mixed reality technologies and their potential to provide musicians a feeling of ""being there"" with their musical partner can offer tremendous opportunities. In order to assess this potential, we conducted a laboratory study in which musicians made music together in real-time while simultaneously seeing their jamming partner's mixed reality point cloud via a head-mounted display and compared mental effects such as flow, affect, and co-presence to an audio-only baseline. In addition, we tracked the musicians' physiological signals and evaluated their features during times of self-reported flow. For users jamming in mixed reality, we observed a significant increase in co-presence. Regardless of the condition (mixed reality or audio-only), we observed an increase in positive affect after jamming remotely. Furthermore, we identified heart rate and HF/LF as promising features for classifying the flow state musicians experienced while making music together.},
  isbn = {978-1-4503-9421-5},
  keywords = {AR only,Augmented Reality,Co-Presence,Head-mounted Displays,Mixed Reality,Networked Music Performance,Physiological Signal Processing,Psychophysiology,Remote Collaboration,Social Presence},
  file = {D:\_Zotero\storage\FY4NJNUL\Schlagowski et al. - 2023 - Wish You Were Here Mental and Physiological Effec.pdf}
}",10.1145/3544548.3581162,,,,x,,,,,x,,,,,,,,x,,,,,x,,,,x,,,,,,,,,x,,,,,,,,,x,,,,,,,,,,,,,,,,,,,x,,,x,,,,,,,x,,,,,,,,,,,,,,
186,2023,"Andrew Irlitti, Mesut Latifoglu, Qiushi Zhou, Martin N Reinoso, Thuong Hoang, Eduardo Velloso, Frank Vetere",Volumetric Mixed Reality Telepresence for Real-time Cross Modality Collaboration,"@inproceedings{irlitti2023volumetric,
  title = {Volumetric {{Mixed Reality Telepresence}} for {{Real-time Cross Modality Collaboration}}},
  booktitle = {Proceedings of the 2023 {{CHI Conference}} on {{Human Factors}} in {{Computing Systems}}},
  author = {Irlitti, Andrew and Latifoglu, Mesut and Zhou, Qiushi and Reinoso, Martin N and Hoang, Thuong and Velloso, Eduardo and Vetere, Frank},
  year = {2023},
  month = apr,
  series = {{{CHI}} '23},
  pages = {1--14},
  publisher = {Association for Computing Machinery},
  address = {New York, NY, USA},
  doi = {10.1145/3544548.3581277},
  urldate = {2023-06-13},
  abstract = {Mixed-reality telepresence allows local and remote users feel as if they are present together in the same space. In this paper we report on a mixed-reality volumetric telepresence system that is adaptable, multi-user and cross-modal, i.e. combining augmented and virtual reality technologies with face-to-face interactions. The system extends state-of-art by creating full-body and environmental volumetric renderings in real-time over local enterprise networks. We report findings of an evaluation in a training scenario which was adapted for remote delivery and led by an industry professional. Analysis of interviews and observed behaviours identify varying attitudes towards virtually mediated full-body experiences and highlight the impact of volumetric mixed-reality telepresence to facilitate personal experiences of co-presence and to ground communication with interlocutors.},
  isbn = {978-1-4503-9421-5},
  keywords = {AR only,augmented reality,avatars,collaboration,conversational grounding,Extended reality,Read KLK,telepresence,virtual reality,volumetric capture},
  file = {D:\_Zotero\storage\KL4BFK6A\Irlitti et al. - 2023 - Volumetric Mixed Reality Telepresence for Real-tim.pdf}
}",10.1145/3544548.3581277,x,,,,,,,x,,,,,,,,x,,,,,,,,,x,,,,,,,x,,x,,,x,,,,,,,,,,,,x,,,,,,,x,,x,,x,,,x,,,,,,,,,x,,,,,x,,,,,,,,,,
187,2023,"Mehrad Faridan, Bheesha Kumari, Ryo Suzuki",ChameleonControl: Teleoperating Real Human Surrogates through Mixed Reality Gestural Guidance for Remote Hands-on Classrooms,"@inproceedings{faridan2023chameleoncontrol,
  title = {{{ChameleonControl}}: {{Teleoperating Real Human Surrogates}} through {{Mixed Reality Gestural Guidance}} for {{Remote Hands-on Classrooms}}},
  shorttitle = {{{ChameleonControl}}},
  booktitle = {Proceedings of the 2023 {{CHI Conference}} on {{Human Factors}} in {{Computing Systems}}},
  author = {Faridan, Mehrad and Kumari, Bheesha and Suzuki, Ryo},
  year = {2023},
  month = apr,
  series = {{{CHI}} '23},
  pages = {1--13},
  publisher = {Association for Computing Machinery},
  address = {New York, NY, USA},
  doi = {10.1145/3544548.3581381},
  urldate = {2024-02-02},
  abstract = {We present ChameleonControl, a real-human teleoperation system for scalable remote instruction in hands-on classrooms. In contrast to existing video or AR/VR-based remote hands-on education, ChameleonControl uses a real human as a surrogate of a remote instructor. Building on existing human-based telepresence approaches, we contribute a novel method to teleoperate a human surrogate through synchronized mixed reality hand gestural navigation and verbal communication. By overlaying the remote instructor's virtual hands in the local user's MR view, the remote instructor can guide and control the local user as if they were physically present. This allows the local user/surrogate to synchronize their hand movements and gestures with the remote instructor, effectively teleoperating a real human. We deploy and evaluate our system in classrooms of physiotherapy training, as well as other application domains such as mechanical assembly, sign language and cooking lessons. The study results confirm that our approach can increase engagement and the sense of co-presence, showing potential for the future of remote hands-on classrooms.},
  isbn = {978-1-4503-9421-5},
  keywords = {AR only,Hands-on Training,Human Surrogates,Mixed Reality,Remote Collaboration,Remote Guidance,Telepresence,Visual Cue},
  file = {D:\_Zotero\storage\K38VDTBL\Faridan et al. - 2023 - ChameleonControl Teleoperating Real Human Surroga.pdf}
}",10.1145/3544548.3581381,x,,,,x,,,x,,,,,,,,x,,,,,,,,x,,,,,,,,,x,x,,,,,,,,,,,,,,,,,,,,,,,,,,,x,,,,x,,x,,,,,,,,,,,,,,,,,,x,,
189,2023,"Jens Emil Sloth Gr{\o}nb{\ae}k, Ken Pfeuffer, Eduardo Velloso, Morten Astrup, Melanie Isabel S{\o}nderk{\ae}r Pedersen, Martin Kj{\ae}r, Germ{\'a}n Leiva, Hans Gellersen",Partially Blended Realities: Aligning Dissimilar Spaces for Distributed Mixed Reality Meetings,"@inproceedings{gronbaek2023partially,
  title = {Partially {{Blended Realities}}: {{Aligning Dissimilar Spaces}} for {{Distributed Mixed Reality Meetings}}},
  booktitle = {Proceedings of the 2023 {{CHI Conference}} on {{Human Factors}} in {{Computing Systems}}},
  author = {Gr{\o}nb{\ae}k, Jens Emil Sloth and Pfeuffer, Ken and Velloso, Eduardo and Astrup, Morten and Pedersen, Melanie Isabel S{\o}nderk{\ae}r and Kj{\ae}r, Martin and Leiva, Germ{\'a}n and Gellersen, Hans},
  year = {2023},
  series = {{{CHI}} '23},
  publisher = {Association for Computing Machinery},
  address = {New York, NY, USA},
  doi = {10.1145/3544548.3581515},
  abstract = {Mixed Reality allows for distributed meetings where people's local physical spaces are virtually aligned into blended interaction spaces. In many cases, people's physical rooms are dissimilar, making it challenging to design a coherent blended space. We introduce the concept of Partially Blended Realities (PBR) --- using Mixed Reality to support remote collaborators in partially aligning their physical spaces. As physical surfaces are central in collaborative work, PBR supports users in transitioning between different configurations of tables and whiteboard surfaces. In this paper, we 1) describe the design space of PBR, 2) present RealityBlender to explore interaction techniques for how users may configure and transition between blended spaces, and 3) provide insights from a study on how users experience transitions in a remote collaboration task. With this work, we demonstrate new potential for using partial solutions to tackle the alignment problem of dissimilar spaces in distributed Mixed Reality meetings.},
  isbn = {978-1-4503-9421-5},
  keywords = {augmented and virtual reality,blended realities,mixed reality,proxemic transitions,remote collaboration},
  file = {D:\_Zotero\storage\HA8RD9RT\Grønbæk et al_2023_Partially Blended Realities.pdf}
}",10.1145/3544548.3581515,,,x,x,,,,,x,x,,,,,,,,,x,,,,,,,,,,,,,,,,,,,,,x,,,,,,,,x,x,x,,,,,,,,x,,,,,,,,,,,,,,,,,,,,,,,,,,,,,
194,2022,"Allison Jing, Kieran May, Brandon Matthews, Gun Lee, Mark Billinghurst",The Impact of Sharing Gaze Behaviours in Collaborative Mixed Reality,"@article{jing2022impact,
  title = {The {{Impact}} of {{Sharing Gaze Behaviours}} in {{Collaborative Mixed Reality}}},
  author = {Jing, Allison and May, Kieran and Matthews, Brandon and Lee, Gun and Billinghurst, Mark},
  year = {2022},
  month = nov,
  journal = {Proc. ACM Hum.-Comput. Interact.},
  volume = {6},
  number = {CSCW2},
  publisher = {Association for Computing Machinery},
  address = {New York, NY, USA},
  doi = {10.1145/3555564},
  abstract = {In a remote collaboration involving a physical task, visualising gaze behaviours may compensate for other unavailable communication channels. In this paper, we report on a 360{$^\circ$} panoramic Mixed Reality (MR) remote collaboration system that shares gaze behaviour visualisations between a local user in Augmented Reality and a remote collaborator in Virtual Reality. We conducted two user studies to evaluate the design of MR gaze interfaces and the effect of gaze behaviour (on/off) and gaze style (bi-/uni-directional). The results indicate that gaze visualisations amplify meaningful joint attention and improve co-presence compared to a no gaze condition. Gaze behaviour visualisations enable communication to be less verbally complex therefore lowering collaborators' cognitive load while improving mutual understanding. Users felt that bi-directional behaviour visualisation, showing both collaborator's gaze state, was the preferred condition since it enabled easy identification of shared interests and task progress.},
  keywords = {gaze visualization,human-computer interaction,mixed reality remote collaboration},
  file = {D:\_Zotero\storage\JH5UCSX4\Jing et al_2022_The Impact of Sharing Gaze Behaviours in Collaborative Mixed Reality.pdf}
}",10.1145/3555564,,,,x,,,,,,x,,,x,,,,,,,,,,,,,,,,,,,,,,,,,,,,,,,,,,,,,,,,,,,,,,,,,,,,,,,,x,x,,,x,,,,,,,,,,,,,,
195,2022,"Arthur Fages, C{\'e}dric Fleury, Theophanis Tsandilas",Understanding Multi-View Collaboration between Augmented Reality and Remote Desktop Users,"@article{fages2022understanding,
  title = {Understanding {{Multi-View Collaboration}} between {{Augmented Reality}} and {{Remote Desktop Users}}},
  author = {Fages, Arthur and Fleury, C{\'e}dric and Tsandilas, Theophanis},
  year = {2022},
  month = nov,
  journal = {Proc. ACM Hum.-Comput. Interact.},
  volume = {6},
  number = {CSCW2},
  publisher = {Association for Computing Machinery},
  address = {New York, NY, USA},
  doi = {10.1145/3555607},
  abstract = {Establishing an effective collaboration between augmented-reality (AR) and remote desktop users is a challenge because collaborators do not share a common physical space and equipment. Yet, such asymmetrical collaboration configurations are common today for many design tasks, due to the geographical distance of people or unusual circumstances such as a lockdown. We conducted a first study to investigate trade-offs of three remote representations of an AR workspace: a fully virtual representation, a first-person view, and an external view. Building on our findings, we designed ARgus, a multi-view video-mediated communication system that combines these representations through interactive tools for navigation, previewing, pointing, and annotation. We report on a second user study that observed how 12 participants used ARgus to provide remote instructions for an AR furniture arrangement task. Participants extensively used its view transition tools, while the system reduced their reliance on verbal instructions.},
  keywords = {augmented reality,remote collaboration,video-mediated communication.},
  file = {D:\_Zotero\storage\L5GIZ25X\Fages et al_2022_Understanding Multi-View Collaboration between Augmented Reality and Remote.pdf}
}",10.1145/3555607,,x,,,,,x,,,,,,x,x,,,,,,,,,,,,,,,,,,,,,,,,x,,x,,x,x,x,x,,,,,,x,x,,,,x,x,,,,,,,,,,,,x,,,,,,,x,x,,,,,,,,,,
197,2022,"Nels Numan, Anthony Steed",Exploring User Behaviour in Asymmetric Collaborative Mixed Reality,"@inproceedings{numan2022exploring,
  title = {Exploring {{User Behaviour}} in {{Asymmetric Collaborative Mixed Reality}}},
  booktitle = {Proceedings of the 28th {{ACM Symposium}} on {{Virtual Reality Software}} and {{Technology}}},
  author = {Numan, Nels and Steed, Anthony},
  year = {2022},
  month = nov,
  series = {{{VRST}} '22},
  pages = {1--11},
  publisher = {Association for Computing Machinery},
  address = {New York, NY, USA},
  doi = {10.1145/3562939.3565630},
  urldate = {2024-07-31},
  abstract = {A common issue for collaborative mixed reality is the asymmetry of interaction with the shared virtual environment. For example, an augmented reality (AR) user might use one type of head-mounted display (HMD) in a physical environment, while a virtual reality (VR) user might wear a different type of HMD and see a virtual model of that physical environment. To explore the effects of such asymmetric interfaces on collaboration we present a study that investigates the behaviour of dyads performing a word puzzle task where one uses AR and the other VR. We examined the collaborative process through questionnaires and behavioural measures based on positional and audio data. We identified relationships between presence and co-presence, accord and co-presence, leadership and talkativeness, head rotation velocity and leadership, and head rotation velocity and talkativeness. We did not find that AR or VR biased subjective responses, though there were interesting behavioural differences: AR users spoke more words, AR users had a higher median head rotation velocity, and VR users travelled further.},
  isbn = {978-1-4503-9889-3},
  file = {D:\_Zotero\storage\C8A4PPXG\Numan_Steed_2022_Exploring User Behaviour in Asymmetric Collaborative Mixed Reality.pdf}
}",10.1145/3562939.3565630,,,,x,,,,,,x,,,,,x,,,,,,,,,,,,,,,,,,,,,,,,x,,,,,,,,,,,,,,,,,x,,,x,,,,,,x,,,,,x,,,,x,,,,,,x,x,,,,x,,
202,2022,"Yuan Li, Sang Won Lee, Doug A. Bowman, David Hicks, Wallace santos Lages, Akshay Sharma",ARCritique: Supporting Remote Design Critique of Physical Artifacts through Collaborative Augmented Reality,"@inproceedings{li2022arcritique,
  title = {{{ARCritique}}: {{Supporting Remote Design Critique}} of {{Physical Artifacts}} through {{Collaborative Augmented Reality}}},
  booktitle = {Proceedings of the 2022 {{ACM Symposium}} on {{Spatial User Interaction}}},
  author = {Li, Yuan and Lee, Sang Won and Bowman, Doug A. and Hicks, David and santos Lages, Wallace and Sharma, Akshay},
  year = {2022},
  series = {{{SUI}} '22},
  publisher = {Association for Computing Machinery},
  address = {New York, NY, USA},
  doi = {10.1145/3565970.3567700},
  abstract = {Critique sessions are an essential educational activity at the center of many design disciplines, especially those involving the creation of physical mockups. Conventional approaches often require the students and the instructor to be in the same space to jointly view and discuss physical artifacts. However, in remote learning contexts, available tools (such as videoconferencing) are insufficient due to ineffective, inefficient spatial referencing. This paper presents ARCritique, a mobile Augmented Reality application that allows users to 1) scan physical artifacts, generate corresponding 3D models, and share them with distant instructors; 2) view the model simultaneously in a synchronized virtual environment with remote collaborators; and 3) point to and draw on the model synchronously to aid communication. We evaluated ARCritique with seven Industrial Design students and three faculty to use the app in a remote critique setting. The results suggest that direct support for spatial communication improves collaborative experiences.},
  isbn = {978-1-4503-9948-7},
  keywords = {Augmented Reality,Collaboration,Remote Learning},
  file = {D:\_Zotero\storage\3JFCIVRQ\Li et al_2022_ARCritique.pdf}
}",10.1145/3565970.3567700,,,,x,,,x,,,,,x,,,,,,,,,x,,,x,,,,,x,,,x,x,,,,x,,,,,,,,,,,,,,,,,,x,,,,x,x,,,x,x,x,,,,x,,,,,,,,,,,,x,,,,,,
205,2022,"Jwawon Seo, Ignacio Avellino, Damaruka Priya Rajasagi, Anita Komlodi, Helena M. Mentis",HoloMentor: Enabling Remote Instruction through Augmented Reality Mobile Views,"@article{seo2022holomentor,
  title = {{{HoloMentor}}: {{Enabling Remote Instruction}} through {{Augmented Reality Mobile Views}}},
  author = {Seo, Jwawon and Avellino, Ignacio and Rajasagi, Damaruka Priya and Komlodi, Anita and Mentis, Helena M.},
  year = {2022},
  month = dec,
  journal = {Proc. ACM Hum.-Comput. Interact.},
  volume = {7},
  number = {GROUP},
  publisher = {Association for Computing Machinery},
  address = {New York, NY, USA},
  doi = {10.1145/3567561},
  abstract = {The introduction of Augmented Reality (AR) Head Mounted Displays (HMDs) in collaboration between remote and local workers, introduces new challenges given that camera views are now mobile. We introduce HoloMentor, an AR HMD-based collaborative system designed for remote instruction over live mobile views during physical tasks. Through Actionport, we provide a world-stabilized area where remote helpers can dynamically place a pointer and annotations on the physical environment. Through Actionpad, we provide an indirect input mechanism with an absolute position to the Actionport. We show how these innovations worked for participants engaged in a remote instructional task and how they supported effective and efficient communication. Finally, we provide the next steps for addressing AR on mobile views for remote instruction.},
  keywords = {augmented reality,decoupled interaction,pointing and annotating,remote instruction,shared information},
  file = {D:\_Zotero\storage\6FP7JYND\Seo et al_2022_HoloMentor.pdf}
}",10.1145/3567561,x,x,,,,x,,,,x,,,x,,,,,,,,,,,,,,,,,,,,,,,,,,,,,,,,,,x,,,,,,,,,,x,x,,,,,,,,,,,,,,,,,,,,,,,,,x,,,,
206,2022,"Daniel Immanuel Fink, Johannes Zagermann, Harald Reiterer, Hans-Christian Jetter",Re-locations: Augmenting Personal and Shared Workspaces to Support Remote Collaboration in Incongruent Spaces,"@article{fink2022relocations,
  title = {Re-Locations: {{Augmenting Personal}} and {{Shared Workspaces}} to {{Support Remote Collaboration}} in {{Incongruent Spaces}}},
  author = {Fink, Daniel Immanuel and Zagermann, Johannes and Reiterer, Harald and Jetter, Hans-Christian},
  year = {2022},
  month = nov,
  journal = {Proc. ACM Hum.-Comput. Interact.},
  volume = {6},
  number = {ISS},
  publisher = {Association for Computing Machinery},
  address = {New York, NY, USA},
  doi = {10.1145/3567709},
  abstract = {Augmented reality (AR) can create the illusion of being virtually co-located during remote collaboration, e.g., by visualizing remote co-workers as avatars. However, spatial awareness of each other's activities is limited as physical spaces, including the position of physical devices, are often incongruent. Therefore, alignment methods are needed to support activities on physical devices. In this paper, we present the concept of Re-locations, a method for enabling remote collaboration with augmented reality in incongruent spaces. The idea of the concept is to enrich remote collaboration activities on multiple physical devices with attributes of co-located collaboration such as spatial awareness and spatial referencing by locally relocating remote user representations to user-defined workspaces. We evaluated the Re-locations concept in an explorative user study with dyads using an authentic, collaborative task. Our findings indicate that Re-locations introduce attributes of co-located collaboration like spatial awareness and social presence. Based on our findings, we provide implications for future research and design of remote collaboration systems using AR.},
  keywords = {augmented reality,dissimilar spaces,incongruent spaces,remote collaboration,shared workspace,symmetric,synchronous},
  file = {D:\_Zotero\storage\Z6PRXJDI\Fink et al_2022_Re-locations.pdf}
}",10.1145/3567709,,,,x,,,,,,x,,x,,,,,x,,,,,,,x,,,,,,,x,,,x,,,,,,,,,,,,,,x,,x,x,x,,x,x,x,,x,,x,,,x,,,,,,x,,,,,,,,,,,,,,,,,,
207,2022,"Jaylin Herskovitz, Yi Fei Cheng, Anhong Guo, Alanson P. Sample, Michael Nebeling",XSpace: An Augmented Reality Toolkit for Enabling Spatially-Aware Distributed Collaboration,"@article{herskovitz2022xspace,
  title = {{{XSpace}}: {{An Augmented Reality Toolkit}} for {{Enabling Spatially-Aware Distributed Collaboration}}},
  shorttitle = {{{XSpace}}},
  author = {Herskovitz, Jaylin and Cheng, Yi Fei and Guo, Anhong and Sample, Alanson P. and Nebeling, Michael},
  year = {2022},
  month = nov,
  journal = {Proc. ACM Hum.-Comput. Interact.},
  volume = {6},
  number = {ISS},
  pages = {568:277--568:302},
  doi = {10.1145/3567721},
  urldate = {2024-09-11},
  abstract = {Augmented Reality (AR) has the potential to leverage environmental information to better facilitate distributed collaboration, however, such applications are difficult to develop. We present XSpace, a toolkit for creating spatially-aware AR applications for distributed collaboration. Based on a review of existing applications and developer tools, we design XSpace to support three methods for creating shared virtual spaces, each emphasizing a different aspect: shared objects, user perspectives, and environmental meshes. XSpace implements these methods in a developer toolkit, and also provides a set of complimentary visual authoring tools to allow developers to preview a variety of configurations for a shared virtual space. We present five example applications to illustrate that XSpace can support the development of a rich set of collaborative AR experiences that are difficult to produce with current solutions. Through XSpace, we discuss implications for future application design, including user space customization and privacy and safety concerns when sharing users' environments.},
  file = {D:\_Zotero\storage\TXZJTF9H\Herskovitz et al. - 2022 - XSpace An Augmented Reality Toolkit for Enabling Spatially-Aware Distributed Collaboration.pdf}
}",10.1145/3567721,,,,x,,,,,,x,x,,,,,,,,,,,,,,,,,,,,,,,,,x,,,,,,,,,,,,x,,x,,,,,,,,,,,,,,,,,,,,,,,,,,,,,,,,,,,,,
208,2023,"Jinwook Kim, Dooyoung Kim, Bowon Kim, Hyunchul Kim, Jeongmi Lee",Holobot: Hologram based Extended Reality Telepresence Robot,"@inproceedings{kim2023holobot,
  title = {Holobot: {{Hologram}} Based {{Extended Reality Telepresence Robot}}},
  shorttitle = {Holobot},
  booktitle = {Companion of the 2023 {{ACM}}/{{IEEE International Conference}} on {{Human-Robot Interaction}}},
  author = {Kim, Jinwook and Kim, Dooyoung and Kim, Bowon and Kim, Hyunchul and Lee, Jeongmi},
  year = {2023},
  month = mar,
  series = {{{HRI}} '23},
  pages = {60--64},
  publisher = {Association for Computing Machinery},
  address = {New York, NY, USA},
  doi = {10.1145/3568294.3580043},
  urldate = {2024-09-08},
  abstract = {Nowadays, telepresence systems based on the Extended Reality (XR) system are actively developed and used for remote collaboration due to COVID-19. Still, several issues, such as limited traversable space in Virtual Reality (VR) and require all participants to wear head-mounted display (HMD), stop these systems from being used in our daily life. On the other hand, telepresence robots have been used in various fields before the pandemic. However, these robots also have a limitation in that the current form is incapable of delivering non-verbal expressions, which is essential for social interaction. Therefore, we present a Holobot, a telepresence robot based on the XR system. A remote user connects to the Holobot through VR HMDs, and the Holobot augments a virtual avatar that projects users' facial and gesture expressions. We developed a prototype and conducted a simple field test in the exhibition to receive feedback. VR participants enjoyed exploring remote spaces and interacting with each other through Holobot. Furthermore, remote space participants mentioned that a 1:1 scale avatar helped to build co-presence with the VR user. Based on these insights, we think Holobot could provide design guideline for future telepresence robot. For further approach, we plan to improve our prototype and conduct user test for structured evaluation of our system.},
  isbn = {978-1-4503-9970-8},
  file = {D:\_Zotero\storage\LENUJDWL\Kim et al. - 2023 - Holobot Hologram based Extended Reality Teleprese.pdf}
}",10.1145/3568294.3580043,,,,x,,,,,,x,,x,,,,,,,,,,x,x,,,,,,,,,,,,,,,,,,,,,,,,,,,,,,,x,,,,,,,,,,x,,,,,,,,,,,,,,,,,,,,,,,
215,2023,"Keiichi Ihara, Mehrad Faridan, Ayumi Ichikawa, Ikkaku Kawaguchi, Ryo Suzuki",HoloBots: Augmenting Holographic Telepresence with Mobile Robots for Tangible Remote Collaboration in Mixed Reality,"@inproceedings{ihara2023holobots,
  title = {{{HoloBots}}: {{Augmenting Holographic Telepresence}} with {{Mobile Robots}} for {{Tangible Remote Collaboration}} in {{Mixed Reality}}},
  booktitle = {Proceedings of the 36th {{Annual ACM Symposium}} on {{User Interface Software}} and {{Technology}}},
  author = {Ihara, Keiichi and Faridan, Mehrad and Ichikawa, Ayumi and Kawaguchi, Ikkaku and Suzuki, Ryo},
  year = {2023},
  series = {{{UIST}} '23},
  publisher = {Association for Computing Machinery},
  address = {New York, NY, USA},
  doi = {10.1145/3586183.3606727},
  abstract = {This paper introduces HoloBots, a mixed reality remote collaboration system that augments holographic telepresence with synchronized mobile robots. Beyond existing mixed reality telepresence, HoloBots lets remote users not only be visually and spatially present, but also physically engage with local users and their environment. HoloBots allows the users to touch, grasp, manipulate, and interact with the remote physical environment as if they were co-located in the same shared space. We achieve this by synchronizing holographic user motion (Hololens 2 and Azure Kinect) with tabletop mobile robots (Sony Toio). Beyond the existing physical telepresence, HoloBots contributes to an exploration of broader design space, such as object actuation, virtual hand physicalization, world-in-miniature exploration, shared tangible interfaces, embodied guidance, and haptic communication. We evaluate our system with twelve participants by comparing it with hologram-only and robot-only conditions. Both quantitative and qualitative results confirm that our system significantly enhances the level of co-presence and shared experience, compared to the other conditions.},
  isbn = {9798400701320},
  keywords = {Actuated Tangible UI,Mixed Reality,Mobile Robots,Physical Telepresence,Read MS,Remote Collaboration},
  file = {D:\_Zotero\storage\PU976WGI\Ihara et al_2023_HoloBots.pdf}
}",10.1145/3586183.3606727,,,,x,,,,,,x,,x,,x,,,,,,,,,,,,x,,,,,,x,,,,,x,,,x,,,,,,,,,,,,,,,,,,,,x,,,,,,,x,,,,,,,x,,,,,,,,,,,,,
216,2023,"Simon N. B. Gunkel, Sylvie Dijkstra-Soudarissanane, Omar Niamut","""You AR' right in front of me"": RGBD-based capture and rendering for remote training","@inproceedings{gunkel2023you,
  title = {""{{You AR}}' Right in Front of Me"": {{RGBD-based}} Capture and Rendering for Remote Training},
  booktitle = {Proceedings of the 14th {{Conference}} on {{ACM Multimedia Systems}}},
  author = {Gunkel, Simon N.B. and {Dijkstra-Soudarissanane}, Sylvie and Niamut, Omar},
  year = {2023},
  series = {{{MMSys}} '23},
  pages = {307--311},
  publisher = {Association for Computing Machinery},
  address = {New York, NY, USA},
  doi = {10.1145/3587819.3593936},
  abstract = {Immersive technologies such as virtual reality have enabled novel forms of education and training, where students can learn new skills in simulated environments. But some specialized training procedures, e.g. ESA-certified soldering, still involve real-world physical processes with physical lab equipment. Such training sessions require students to travel to teaching labs and may interrupt everyday commitments for a longer period of time. There is a desire to make such training procedures more accessible remotely while keeping any student-to-teacher interaction natural, personal, and engaging. This paper presents a prototype for a remote teaching use case by rendering 3D photorealistic representations into the Augmented Reality (AR) glasses of a student. The teacher is captured with a modular RGBD capture application integrated into a web-based immersive communication platform. The integration offers multiple real-time capture calibration and rendering configurations. Our modular platform allows for an easy evaluation of different technical constraints as well as easy testing of the use case itself. Such evaluation may include a direct comparison of different 3D point-cloud and mesh rendering techniques. Additionally, the overall system allows immersive interaction between the student and the teacher, including augmented text messages for non-intrusive notifications. Our platform offers an ideal testbed for both technical and user-centered immersive communication studies.},
  isbn = {9798400701481},
  keywords = {3D representation,AR,computer-mediated communication,immersive media,point clouds,RGBD},
  file = {D:\_Zotero\storage\G8PQJWJ9\Gunkel et al_2023_You AR' right in front of me.pdf}
}",10.1145/3587819.3593936,x,,,,,,,x,,,x,,,,,,,,,,,,,x,,x,x,,,,,x,,,,,,,,,,,,,,,,,,x,,,,,x,,,,,,,,,,,,,,,,,,,,,,,,,,,,,,,,
217,2023,"Frank ter Haar}, Sylvie {Dijkstra-Soudarissanane}, Piotr Zuraniewski, Rick Hindriks, Karim El Assal, Simon Gunkel, Galit Rahim, Omar Niamut",Remote Expert Assistance System for Mixed-HMD Clients over 5G Infrastructure,"@inproceedings{terhaar2023remote,
  title = {Remote {{Expert Assistance System}} for {{Mixed-HMD Clients}} over {{5G Infrastructure}}},
  booktitle = {Proceedings of the 14th {{Conference}} on {{ACM Multimedia Systems}}},
  author = {{ter Haar}, Frank and {Dijkstra-Soudarissanane}, Sylvie and Zuraniewski, Piotr and Hindriks, Rick and Assal, Karim El and Gunkel, Simon and Rahim, Galit and Niamut, Omar},
  year = {2023},
  series = {{{MMSys}} '23},
  pages = {318--322},
  publisher = {Association for Computing Machinery},
  address = {New York, NY, USA},
  doi = {10.1145/3587819.3593939},
  abstract = {When operating under adverse conditions or at distant locations, it is not always feasible to obtain the assistance of an expert on site. In such cases, remote expert assistance may provide a solution. Current remote assistance systems employ immersive data visualization or video-based communication. By introducing XR-based multi-user communication system to remote expert assistance solutions, we expect to improve the effectiveness of both the operator and the supporting experts. Our multi-user XR collaboration demo integrates XR and cloud/network technologies. It enables three users to collaborate in a way that makes them feel that they are solving a challenging task together.},
  isbn = {9798400701481},
  keywords = {5G infrastructure,augmented reality,mixed reality,remote expertise,social-XR,virtual reality,XR-collaboration},
  file = {D:\_Zotero\storage\RLDISHKI\ter Haar et al_2023_Remote Expert Assistance System for Mixed-HMD Clients over 5G Infrastructure.pdf}
}",10.1145/3587819.3593939,x,,,,x,,,x,,,x,,,,,,,,,,x,,,,,,,,,,,,,,,,,x,,x,x,,x,,,x,,,,,,,,,,,,,,,,,x,,,,,,,,,,,,,,,,,,,,,,,,
220,2023,"Santiago Moreno, Philipp Ackermann",ARchi VR: Real-time Collaboration in Augmented Spaces,"@inproceedings{moreno2023archi,
  title = {{{ARchi VR}}: {{Real-time Collaboration}} in {{Augmented Spaces}}},
  booktitle = {Proceedings of {{Mensch Und Computer}} 2023},
  author = {Moreno, Santiago and Ackermann, Philipp},
  year = {2023},
  series = {{{MuC}} '23},
  pages = {551--553},
  publisher = {Association for Computing Machinery},
  address = {New York, NY, USA},
  doi = {10.1145/3603555.3609310},
  abstract = {This paper showcases the integration of real-time collaboration features for handheld AR devices used in indoor environments. The implemented collaboration functionality enables participants in a shared AR session to create and edit virtual objects by supporting remote, multi-modal visualization and interaction in 2D, 3D and AR. Additionally, we demonstrate our ongoing efforts in exploring video-based interaction with remote AR scenes. The implemented communication architecture and feature set was developed for Apple iOS devices based on the existing general-purpose room-scanning app ARchi VR. The prototype application demonstrates the feasibility and the potential of multi-modal collaboration in AR.},
  isbn = {9798400707711},
  keywords = {Augmented Reality (AR),Real-time Remote Collaboration},
  file = {D:\_Zotero\storage\H9N7BH75\Moreno_Ackermann_2023_ARchi VR.pdf}
}",10.1145/3603555.3609310,,x,,,,,x,,,,x,,,,,,,,,,,,,,,,,,,,,,,,,,,,x,,,x,x,,,,,,,,,,,,,,,,,,,,,,,,,,,,,,,,,,,,,,,,,,,,
224,2023,"Igor Quintela, Pablo Aguirrezabal, Roberto Serrano, Gorka Barayazarra, Luis Conde",Exploring the Metaverse: Mixed and Virtual Reality for Collaborative Interaction in an electrical substation,"@inproceedings{quintela2023exploring,
  title = {Exploring the {{Metaverse}}: {{Mixed}} and {{Virtual Reality}} for {{Collaborative Interaction}} in an Electrical Substation},
  booktitle = {Proceedings of the 28th {{International ACM Conference}} on {{3D Web Technology}}},
  author = {Quintela, Igor and Aguirrezabal, Pablo and Serrano, Roberto and Barayazarra, Gorka and Conde, Luis},
  year = {2023},
  series = {{{Web3D}} '23},
  publisher = {Association for Computing Machinery},
  address = {New York, NY, USA},
  doi = {10.1145/3611314.3618133},
  abstract = {The Metaverse [Mystakidis 2022], represents a universe beyond reality, where the boundaries between the physical and digital realms merge seamlessly. It exists as a continuous and enduring multi-user environment, facilitated by the convergence of technologies that allow for immersive interactions with virtual environments such as Virtual Reality (VR), Augmented Reality (AR), digital entities, and workers. The approach in the application of this concept, in a real use case in an electrical substation, involves a bridge between MR and VR technologies, for a multi-user and multi-platform remote collaboration, supported by 5G communications and Edge Computing to manage visualisation and interaction through a cloud video-audio streaming. There is also management of real data acquisition from an autonomous mobile field robot, BIM Models of electrical structures and the integration of complex information systems, adding context to the experience.},
  isbn = {9798400703249},
  keywords = {BIM,mixed reality,remote collaboration,virtual reality},
  file = {D:\_Zotero\storage\5J4XQMAB\Quintela et al_2023_Exploring the Metaverse.pdf}
}",10.1145/3611314.3618133,x,,,,,x,,,,,x,,,,,,,,,,,,,,,,,,,,,,,,,,,,x,,,,,,,,,x,,,,,,,,,,,,,,,,,,,,,,,,,,,,,,,,,,,,,,,
225,2023,"Manuel Rebol, Krzysztof Pietroszek, Neal Sikka, Claudia Ranniger, Colton Hood, Adam Rutenberg, Puja Sasankan, Christian G{\u}tl",Evaluating Augmented Reality Communication: How Can We Teach Procedural Skill in AR?,"@inproceedings{rebol2023evaluating,
  title = {Evaluating {{Augmented Reality Communication}}: {{How Can We Teach Procedural Skill}} in {{AR}}?},
  booktitle = {Proceedings of the 29th {{ACM Symposium}} on {{Virtual Reality Software}} and {{Technology}}},
  author = {Rebol, Manuel and Pietroszek, Krzysztof and Sikka, Neal and Ranniger, Claudia and Hood, Colton and Rutenberg, Adam and Sasankan, Puja and G{\""u}tl, Christian},
  year = {2023},
  series = {{{VRST}} '23},
  publisher = {Association for Computing Machinery},
  address = {New York, NY, USA},
  doi = {10.1145/3611659.3615685},
  abstract = {Augmented reality (AR) has great potential for use in healthcare applications, especially remote medical training and supervision. In this paper, we analyze the usage of an AR communication system to teach a medical procedure, the placement of a central venous catheter (CVC) under ultrasound guidance. We examine various AR communication and collaboration components, including gestural communication, volumetric information, annotations, augmented objects, and augmented screens. We compare how teaching in AR differs from teaching through videoconferencing-based communication. Our results include a detailed medical training steps analysis in which we compare how verbal and visual communication differs between video and AR training. We identify procedural steps in which medical experts give visual instructions utilizing AR components. We examine the change in AR usage and interaction over time and recognize patterns between users. Moreover, AR design recommendations are given based on post-training interviews.},
  isbn = {9798400703287},
  keywords = {Augmented Reality,Remote Collaboration,Telehealth,Volumetric Communication},
  file = {D:\_Zotero\storage\3NGIEQ7F\Rebol et al_2023_Evaluating Augmented Reality Communication.pdf}
}",10.1145/3611659.3615685,x,,,,x,,,x,,,,,,,,x,,,,,,,,x,x,,,x,x,,x,,x,,,,,,,,,,,,,x,,,,,,x,,,,,,,,,,,,,x,,,,,x,,x,,,,,,,,,x,,x,x,,,
226,2023,"Ephraim Schott, Elhassan Belal Makled, Tony Jan Zoeppig, Sebastian Muehlhaus, Florian Weidner, Wolfgang Broll, Bernd Froehlich",UniteXR: Joint Exploration of a Real-World Museum and its Digital Twin,"@inproceedings{schott2023unitexr,
  title = {{{UniteXR}}: {{Joint Exploration}} of a {{Real-World Museum}} and Its {{Digital Twin}}},
  booktitle = {Proceedings of the 29th {{ACM Symposium}} on {{Virtual Reality Software}} and {{Technology}}},
  author = {Schott, Ephraim and Makled, Elhassan Belal and Zoeppig, Tony Jan and Muehlhaus, Sebastian and Weidner, Florian and Broll, Wolfgang and Froehlich, Bernd},
  year = {2023},
  series = {{{VRST}} '23},
  publisher = {Association for Computing Machinery},
  address = {New York, NY, USA},
  doi = {10.1145/3611659.3615708},
  abstract = {The combination of smartphone Augmented Reality (AR) and Virtual Reality (VR) makes it possible for on-site and remote users to simultaneously explore a physical space and its digital twin through an asymmetric Collaborative Virtual Environment (CVE). In this paper, we investigate two spatial awareness visualizations to enable joint exploration of a space for dyads consisting of a smartphone AR user and a head-mounted display VR user. Our study revealed that both, a mini-map-based method and an egocentric compass method with a path visualization, enabled the on-site visitors to locate and follow a virtual companion reliably and quickly. Furthermore, the embodiment of the AR user by an inverse kinematics avatar allowed the use of natural gestures such as pointing and waving which was preferred over text messages by the participants of our study. In an expert review in a museum and its digital twin we observed an overall high social presence for on-site AR and remote VR visitors and found that the visualizations and the avatar embodiment successfully facilitated their communication and collaboration.},
  isbn = {9798400703287},
  keywords = {asymmetric exploration,cross-device collaboration,digital twin,mixed reality,smartphone augmented reality,virtual reality},
  file = {D:\_Zotero\storage\SIYP8KZW\Schott et al_2023_UniteXR.pdf}
}",10.1145/3611659.3615708,,,,x,,,,,x,,,,,,,x,,,,,,x,,x,,,,,,,,,,,,,,,x,,,,,,,,,x,,,,,,,,x,,,x,,,,,x,x,,,,,x,,,,,,,,,,x,x,,,,,,
227,2023,"Faisal Zaman, Craig Anslow, Taehyun James Rhee",Vicarious: Context-aware Viewpoints Selection for Mixed Reality Collaboration,"@inproceedings{zaman2023vicarious,
  title = {Vicarious: {{Context-aware Viewpoints Selection}} for {{Mixed Reality Collaboration}}},
  booktitle = {Proceedings of the 29th {{ACM Symposium}} on {{Virtual Reality Software}} and {{Technology}}},
  author = {Zaman, Faisal and Anslow, Craig and Rhee, Taehyun James},
  year = {2023},
  series = {{{VRST}} '23},
  publisher = {Association for Computing Machinery},
  address = {New York, NY, USA},
  doi = {10.1145/3611659.3615709},
  abstract = {Mixed-perspective, combining egocentric (first-person) and exocentric (third-person) viewpoints, have been shown to improve the collaborative experience in remote settings. Such experiences allow remote users to switch between different viewpoints to gain alternative perspectives of the remote space. However, existing systems lack seamless selection and transition between multiple perspectives that better fit the task at hand. To address this, we present a new approach called Vicarious, which simplifies and automates the selection between egocentric and exocentric viewpoints. Vicarious employs a context-aware method for dynamically switching or highlighting the optimal viewpoint based on user actions and the current context. To evaluate the effectiveness of the viewpoint selection method, we conducted a user study (n = 27) using an asymmetric AR-VR setup where users performed remote collaboration tasks under four distinct conditions: No-view, Manual, Guided, and Automatic selection. The results showed that Guided and Automatic viewpoint selection improved users' understanding of the task space and task performance, and reduced cognitive load compared to Manual or No-view selection. The results also suggest that the asymmetric setup had minimal impact on spatial and social presence, except for differences in task load and preference. Based on these findings, we provide design implications for future research in mixed reality collaboration.},
  isbn = {9798400703287},
  keywords = {360-degree Panoramic Video,Mixed Reality,Perspective Sharing.,Remote Collaboration,Telepresence,Viewpoint Sharing},
  file = {D:\_Zotero\storage\CBU4C4DP\Zaman et al_2023_Vicarious.pdf}
}",10.1145/3611659.3615709,x,,,,,,,,,x,,,x,,,,,,,,,,,,x,,,,,,,,,,,,,,,,,,,,x,,,,,,,,,,,,,,,,,,,,,,,,x,,,,x,,,,x,,,,x,,,,,,
228,2024,"Jens Emil Sloth Gr{\o}nb{\ae}k, Juan S{\'a}nchez Esquivel, Germ{\'a}n Leiva, Eduardo Velloso, Hans Gellersen, Ken Pfeuffer",Blended Whiteboard: Physicality and Reconfigurability in Remote Mixed Reality Collaboration,"@inproceedings{gronbaek2024blended,
  title = {Blended {{Whiteboard}}: {{Physicality}} and {{Reconfigurability}} in {{Remote Mixed Reality Collaboration}}},
  shorttitle = {Blended {{Whiteboard}}},
  booktitle = {Proceedings of the {{CHI Conference}} on {{Human Factors}} in {{Computing Systems}}},
  author = {Gr{\o}nb{\ae}k, Jens Emil Sloth and S{\'a}nchez Esquivel, Juan and Leiva, Germ{\'a}n and Velloso, Eduardo and Gellersen, Hans and Pfeuffer, Ken},
  year = {2024},
  month = may,
  series = {{{CHI}} '24},
  pages = {1--16},
  publisher = {Association for Computing Machinery},
  address = {New York, NY, USA},
  doi = {10.1145/3613904.3642293},
  urldate = {2024-09-08},
  abstract = {The whiteboard is essential for collaborative work. To preserve its physicality in remote collaboration, Mixed Reality (MR) can blend real whiteboards across distributed spaces. Going beyond reality, MR can further enable interactions like panning and zooming in a virtually reconfigurable infinite whiteboard. However, this reconfigurability conflicts with the sense of physicality. To address this tension, we introduce Blended Whiteboard, a remote collaborative MR system enabling reconfigurable surface blending across distributed physical whiteboards. Blended Whiteboard supports a unique collaboration style, where users can sketch on their local whiteboards but also reconfigure the blended space to facilitate transitions between loosely and tightly coupled work. We describe design principles inspired by proxemics; supporting users in changing between facing each other and being side-by-side, and switching between navigating the whiteboard synchronously and independently. Our work shows exciting benefits and challenges of combining physicality and reconfigurability in the design of distributed MR whiteboards.},
  isbn = {9798400703300}
}",10.1145/3613904.3642293,,,,x,,,,,,x,,,,,,,x,,,,,,,,,,,,,,,,,,,,,,,x,,,,,,,x,,x,x,,,,,,,,x,x,,,,,,,,,,,,,,,,,,x,,,,x,,,x,,,
230,2024,"Andrew Irlitti, Mesut Latifoglu, Thuong Hoang, Brandon Victor Syiem, Frank Vetere",Volumetric Hybrid Workspaces: Interactions with Objects in Remote and Co-located Telepresence,"@inproceedings{irlitti2024volumetric,
  title = {Volumetric {{Hybrid Workspaces}}: {{Interactions}} with {{Objects}} in {{Remote}} and {{Co-located Telepresence}}},
  shorttitle = {Volumetric {{Hybrid Workspaces}}},
  booktitle = {Proceedings of the {{CHI Conference}} on {{Human Factors}} in {{Computing Systems}}},
  author = {Irlitti, Andrew and Latifoglu, Mesut and Hoang, Thuong and Syiem, Brandon Victor and Vetere, Frank},
  year = {2024},
  month = may,
  series = {{{CHI}} '24},
  pages = {1--16},
  publisher = {Association for Computing Machinery},
  address = {New York, NY, USA},
  doi = {10.1145/3613904.3642814},
  urldate = {2024-07-31},
  abstract = {Volumetric telepresence aims to create a shared space, allowing people in local and remote settings to collaborate seamlessly. Prior telepresence examples typically have asymmetrical designs, with volumetric capture in one location and objects in one format. In this paper, we present a volumetric telepresence mixed reality system that supports real-time, symmetrical, multi-user, partially distributed interactions, using objects in multiple formats, across multiple locations. We align two volumetric environments around a common spatial feature to create a shared workspace for remote and co-located people using objects in three formats: physical, virtual, and volumetric. We conducted a study with 18 participants over 6 sessions, evaluating how telepresence workspaces support spatial coordination and hybrid communication for co-located and remote users undertaking collaborative tasks. Our findings demonstrate the successful integration of remote spaces, effective use of proxemics and deixis to support negotiation, and strategies to manage interactivity in hybrid workspaces.},
  isbn = {9798400703300},
  file = {D:\_Zotero\storage\48XLR233\Irlitti et al_2024_Volumetric Hybrid Workspaces.pdf}
}",10.1145/3613904.3642814,,,,x,,,,,,x,,,,,,,x,,,,,,,,x,,,,,,,,,,,,,,,,,,,,,,,,x,,,x,,,,,,,,x,x,,,,,,,,,,,,,,,,x,,,,x,,,,,,
232,2024,"Kenan Bekta{\c s}, Adrian Pandjaitan, Jannis Strecker, Simon Mayer",GlassBoARd: A Gaze-Enabled AR Interface for Collaborative Work,"@inproceedings{bektas2024glassboard,
  title = {{{GlassBoARd}}: {{A Gaze-Enabled AR Interface}} for {{Collaborative Work}}},
  shorttitle = {{{GlassBoARd}}},
  booktitle = {Extended {{Abstracts}} of the 2024 {{CHI Conference}} on {{Human Factors}} in {{Computing Systems}}},
  author = {Bekta{\c s}, Kenan and Pandjaitan, Adrian and Strecker, Jannis and Mayer, Simon},
  year = {2024},
  month = may,
  series = {{{CHI EA}} '24},
  pages = {1--8},
  publisher = {Association for Computing Machinery},
  address = {New York, NY, USA},
  doi = {10.1145/3613905.3650965},
  urldate = {2024-09-08},
  abstract = {Recent research on remote collaboration focuses on improving the sense of co-presence and mutual understanding among the collaborators, whereas there is limited research on using non-verbal cues such as gaze or head direction alongside their main communication channel. Our system -- GlassBoARd -- permits collaborators to see each other's gaze behavior and even make eye contact while communicating verbally and in writing. GlassBoARd features a transparent shared Augmented Reality interface that is situated in-between two users, allowing face-to-face collaboration. From the perspective of each user, the remote collaborator is represented as an avatar that is located behind the GlassBoARd and whose eye movements are contingent on the remote collaborator's instant eye movements. In three iterations, we improved the design of GlassBoARd and tested it with two use cases. Our preliminary evaluations showed that GlassBoARd facilitates an environment for conducting future user experiments to study the effect of sharing eye gaze on the communication bandwidth.},
  isbn = {9798400703317},
  file = {D:\_Zotero\storage\RIXRP7AG\Bektaş et al. - 2024 - GlassBoARd A Gaze-Enabled AR Interface for Collab.pdf}
}",10.1145/3613905.3650965,,,,x,,,,,,x,,,,,,x,,,x,,x,,,,,,,,,,,,,,,,,,x,,x,,,,x,,x,,,,x,x,,,,,,,x,x,x,,x,,,x,,,x,x,,,x,,,,,,,,x,,,,,,
235,2023,"Florian Echtler, Vitus Maierh{\o}fer, Nicolai Brodersen Hansen, Raphael Wimmer","SurfaceCast: Ubiquitous, Cross-Device Surface Sharing","@article{echtler2023surfacecast,
  title = {{{SurfaceCast}}: {{Ubiquitous}}, {{Cross-Device Surface Sharing}}},
  author = {Echtler, Florian and Maierh{\""o}fer, Vitus and Hansen, Nicolai Brodersen and Wimmer, Raphael},
  year = {2023},
  month = nov,
  journal = {Proc. ACM Hum.-Comput. Interact.},
  volume = {7},
  number = {ISS},
  publisher = {Association for Computing Machinery},
  address = {New York, NY, USA},
  doi = {10.1145/3626475},
  abstract = {Real-time online interaction is the norm today. Tabletops and other dedicated interactive surface devices with direct input and tangible interaction can enhance remote collaboration, and open up new interaction scenarios based on mixed physical/virtual components. However, they are only available to a small subset of users, as they usually require identical bespoke hardware for every participant, are complex to setup, and need custom scenario-specific applications. We present SurfaceCast, a software toolkit designed to merge multiple distributed, heterogeneous end-user devices into a single, shared mixed-reality surface. Supported devices include regular desktop and laptop computers, tablets, and mixed-reality headsets, as well as projector-camera setups and dedicated interactive tabletop systems. This device-agnostic approach provides a fundamental building block for exploration of a far wider range of usage scenarios than previously feasible, including future clients using our provided API. In this paper, we discuss the software architecture of SurfaceCast, present a formative user study and a quantitative performance analysis of our framework, and introduce five example application scenarios which we enhance through the multi-user and multi-device features of the framework. Our results show that the hardware- and content-agnostic architecture of SurfaceCast can run on a wide variety of devices with sufficient performance and fidelity for real-time interaction.},
  keywords = {collaboration,framework,interactive surface,software,streaming,tabletops,tangible,toolkit,video,WebRTC},
  file = {D:\_Zotero\storage\KGXYE5P7\Echtler et al_2023_SurfaceCast.pdf}
}",10.1145/3626475,x,x,x,x,,,,,,x,,,x,,,,,,,,x,,,,,,,,,,,,,,,,x,,x,,,,,x,,,,x,x,,,,,,,x,,,,,,,,,,,,,,,,,,,,,,,,,,,,,,,
239,2024,"Xincheng Huang, Robert Xiao",SurfShare: Lightweight Spatially Consistent Physical Surface and Virtual Replica Sharing with Head-mounted Mixed-Reality,"@article{huang2024surfshare,
  title = {{{SurfShare}}: {{Lightweight Spatially Consistent Physical Surface}} and {{Virtual Replica Sharing}} with {{Head-mounted Mixed-Reality}}},
  author = {Huang, Xincheng and Xiao, Robert},
  year = {2024},
  month = jan,
  journal = {Proc. ACM Interact. Mob. Wearable Ubiquitous Technol.},
  volume = {7},
  number = {4},
  publisher = {Association for Computing Machinery},
  address = {New York, NY, USA},
  doi = {10.1145/3631418},
  abstract = {Shared Mixed Reality experiences allow two co-located users to collaborate on both physical and digital tasks with familiar social protocols. However, extending the same to remote collaboration is limited by cumbersome setups for aligning distinct physical environments and the lack of access to remote physical artifacts. We present SurfShare, a general-purpose symmetric remote collaboration system with mixed-reality head-mounted displays (HMDs). Our system shares a spatially consistent physical-virtual workspace between two remote users, anchored on a physical plane in each environment (e.g., a desk or wall). The video feed of each user's physical surface is overlaid virtually on the other side, creating a shared view of the physical space. We integrate the physical and virtual workspace through virtual replication. Users can transmute physical objects to the virtual space as virtual replicas. Our system is lightweight, implemented using only the capabilities of the headset, without requiring any modifications to the environment (e.g. cameras or motion tracking hardware). We discuss the design, implementation, and interaction capabilities of our prototype, and demonstrate the utility of SurfShare through four example applications. In a user experiment with a comprehensive prototyping task, we found that SurfShare provides a physical-virtual workspace that supports low-fi prototyping with flexible proxemics and fluid collaboration dynamics.},
  keywords = {Mixed Reality,Physical Surface Sharing,Proxemics,Remote Collaboration,Virtual Replica},
  file = {D:\_Zotero\storage\ATLDBERF\Huang_Xiao_2024_SurfShare.pdf}
}",10.1145/3631418,x,x,x,x,,,,,,x,,x,,x,,,,,,,,,,,,,,,,,,,,,,,x,,,,,,,,,,x,,,,,x,,,x,,,,,,,,,,,,x,,,,,,,,,,,,,,,x,,,,,
240,2024,"Veronika Mikhailova, Christian Kunert, Jakob Hartbrich, Tobias Schwandt, Christoph Gerhardt, Alexander Raake, Wolfgang Broll, Nicola D{\o}ring",Work-in-Progress: Older Adults' Experiences With an Augmented Reality Communication System,"@inproceedings{mikhailova2024workprogress,
  title = {Work-in-{{Progress}}: {{Older Adults}}' {{Experiences With}} an {{Augmented Reality Communication System}}},
  shorttitle = {Work-in-{{Progress}}},
  booktitle = {{{ACM International Conference}} on {{Interactive Media Experiences}}},
  author = {Mikhailova, Veronika and Kunert, Christian and Hartbrich, Jakob and Schwandt, Tobias and Gerhardt, Christoph and Raake, Alexander and Broll, Wolfgang and D{\""o}ring, Nicola},
  year = {2024},
  month = jun,
  pages = {382--387},
  publisher = {ACM},
  address = {Stockholm Sweden},
  doi = {10.1145/3639701.3663641},
  urldate = {2024-09-12},
  isbn = {9798400705038},
  langid = {english},
  file = {D:\_Zotero\storage\XFZ75QBE\Mikhailova et al. - 2024 - Work-in-Progress Older Adults' Experiences With an Augmented Reality Communication System.pdf}
}",10.1145/3639701.3663641,,,,x,,,,,x,,,,,,,,,,x,,,,,,,,,,,,,,,,,,,,,,,,,,,,,,,,,,,,,,,,,,,,,,,,,,,,,,,x,,,,,,,x,,,,,x,
241,2024,"Emily Wong, Jens Emil Sloth Gr{\o}nb{\ae}k, Eduardo Velloso",The Jamais Vu Effect: Understanding the Fragile Illusion of Co-Presence in Mixed Reality,"@inproceedings{wong2024jamais,
  title = {The {{Jamais Vu Effect}}: {{Understanding}} the {{Fragile Illusion}} of {{Co-Presence}} in {{Mixed Reality}}},
  shorttitle = {The {{Jamais Vu Effect}}},
  booktitle = {Proceedings of the 2024 {{ACM Designing Interactive Systems Conference}}},
  author = {Wong, Emily and Gr{\o}nb{\ae}k, Jens Emil Sloth and Velloso, Eduardo},
  year = {2024},
  month = jul,
  series = {{{DIS}} '24},
  pages = {2227--2246},
  publisher = {Association for Computing Machinery},
  address = {New York, NY, USA},
  doi = {10.1145/3643834.3661574},
  urldate = {2024-07-31},
  abstract = {Collaboration in distributed mixed reality (MR) creates co-presence illusions by bringing a digital representation of the remote collaborator into the local user's physical space. However, constraints in each physical environment, such as different spatial layouts and furniture, can hinder collaboration and momentarily break the illusion of co-location. Since the remote user's physical space is invisible to the local user, the source of the interaction problem is often imperceptible, leading to familiar real-world interactions suddenly feeling unfamiliar---a concept we term the Jamais Vu Effect. In this paper, we conceptualise and demonstrate this effect through a five-part user study that elicits the user experience of the Jamais Vu Effect in MR. We contribute a shared vocabulary and understanding of spatial interface design challenges to help designers and researchers discuss and improve distributed collaboration in MR.},
  isbn = {9798400705830},
  file = {D:\_Zotero\storage\8H85IWEI\Wong et al_2024_The Jamais Vu Effect.pdf}
}",10.1145/3643834.3661574,,,,x,,,,,,x,,,,,,,,,,x,,,,,,,,,,,,,,,,,,,,,,,,,,,x,,,x,,,,,x,,,,,,,,,,,,,,,,,,,x,,,x,,,,,,,,,,
243,2024,"Carlos Cort{\'e}s, Irene Viola, Jes{\'u}s Guti{\'e}rrez, Jack Jansen, Shishir Subramanyam, Evangelos Alexiou, Pablo P{\'e}rez, Narciso Garc{\'i}a, Pablo C{\'e}sar",Delay Threshold for Social Interaction in Volumetric eXtended Reality Communication,"@article{cortes2024delay,
  title = {Delay {{Threshold}} for {{Social Interaction}} in {{Volumetric eXtended Reality Communication}}},
  author = {Cort{\'e}s, Carlos and Viola, Irene and Guti{\'e}rrez, Jes{\'u}s and Jansen, Jack and Subramanyam, Shishir and Alexiou, Evangelos and P{\'e}rez, Pablo and Garc{\'i}a, Narciso and C{\'e}sar, Pablo},
  year = {2024},
  month = apr,
  journal = {ACM Trans. Multimedia Comput. Commun. Appl.},
  volume = {20},
  number = {7},
  pages = {206:1--206:22},
  issn = {1551-6857},
  doi = {10.1145/3651164},
  urldate = {2024-09-08},
  abstract = {Immersive technologies like eXtended Reality (XR) are the next step in videoconferencing. In this context, understanding the effect of delay on communication is crucial. This article presents the first study on the impact of delay on collaborative tasks using a realistic Social XR system. Specifically, we design an experiment and evaluate the impact of end-to-end delays of 300, 600, 900, 1,200, and 1,500 ms on the execution of a standardized task involving the collaboration of two remote users that meet in a virtual space and construct block-based shapes. To measure the impact of the delay in this communication scenario, objective and subjective data were collected. As objective data, we measured the time required to execute the tasks and computed conversational characteristics by analyzing the recorded audio signals. As subjective data, a questionnaire was prepared and completed by every user to evaluate different factors such as overall quality, perception of delay, annoyance using the system, level of presence, cybersickness, and other subjective factors associated with social interaction. The results show a clear influence of the delay on the perceived quality and a significant negative effect as the delay increases. Specifically, the results indicate that the acceptable threshold for end-to-end delay should not exceed 900 ms. This article additionally provides guidelines for developing standardized XR tasks for assessing interaction in Social XR environments.},
  file = {D:\_Zotero\storage\7GTPD9BM\Cortés et al. - 2024 - Delay Threshold for Social Interaction in Volumetr.pdf}
}",10.1145/3651164,x,,,x,,,,,,x,,,x,,,,,,,,,,,,x,,,,,,x,x,,,,,x,x,,,,x,x,x,,x,,,,,,x,,,,,,,,,,,,,,,,,,,,,,,,,,,,,,,,,,,
258,2019,"Prasanth Sasikumar, Lei Gao, Huidong Bai, Mark Billinghurst",Wearable RemoteFusion: A Mixed Reality Remote Collaboration System with Local Eye Gaze and Remote Hand Gesture Sharing,"@inproceedings{sasikumar2019wearable,
  title = {Wearable Remotefusion: {{A}} Mixed Reality Remote Collaboration System with Local Eye Gaze and Remote Hand Gesture Sharing},
  shorttitle = {Wearable Remotefusion},
  booktitle = {2019 {{IEEE International Symposium}} on {{Mixed}} and {{Augmented Reality Adjunct}} ({{ISMAR-Adjunct}})},
  author = {Sasikumar, Prasanth and Gao, Lei and Bai, Huidong and Billinghurst, Mark},
  year = {2019},
  pages = {393--394},
  publisher = {IEEE},
  doi = {10.1109/ISMAR-Adjunct.2019.000-3},
  urldate = {2024-09-12},
  file = {D:\_Zotero\storage\LPABMYKX\Sasikumar et al. - 2019 - Wearable remotefusion A mixed reality remote collaboration system with local eye gaze and remote ha.pdf}
}",10.1109/ISMAR-Adjunct.2019.000-3,,,,x,,,,,,x,,,x,,,,,,,,,,,,,,,,,,,,,,,,,,,,,,,,,,,,,,,,,,,,,,,,,,,x,,,,,,x,,,,,,,,,,,,,,,,,
264,2019,"Somayah Asiri, Ahmad A. Alzahrani",The Effectiveness of Mixed Reality Environment-Based Hand Gestures in Distributed Collaboration,"@inproceedings{asiri2019effectiveness,
  title = {The {{Effectiveness}} of {{Mixed Reality Environment-Based Hand Gestures}} in {{Distributed Collaboration}}},
  booktitle = {2019 2nd {{International Conference}} on {{Computer Applications}} \& {{Information Security}} ({{ICCAIS}})},
  author = {Asiri, Somayah and Alzahrani, Ahmad A.},
  year = {2019},
  month = may,
  pages = {1--6},
  doi = {10.1109/CAIS.2019.8769588},
  urldate = {2024-07-31},
  abstract = {Mixed reality (MR) technologies are widely used in distributed collaborative learning scenarios and have made learning and training more flexible and intuitive. However, there are many challenges in the use of MR due to the difficulty in creating a physical presence, particularly when a physical task is being performed collaboratively. We therefore developed a novel MR system to overcomes these limitations and enhance the distributed collaboration user experience. The primary objective of this paper is to explore the potential of a MR-based hand gestures system to enhance the conceptual architecture of MR in terms of both visualization and interaction in distributed collaboration. We propose a synchronous prototype named MRCollab as an immersive collaborative approach that allows two or more users to communicate with a peer based on the integration of several technologies such as video, audio, and hand gestures.},
  keywords = {augmented reality,Collaboration,distributed collaboration,Hand gestures,Sensors,Software,Task analysis,Three-dimensional displays,virtual reality,Virtual reality,Visualization},
  file = {D\:\\_Zotero\\storage\\WH6B35TV\\Asiri_Alzahrani_2019_The Effectiveness of Mixed Reality Environment-Based Hand Gestures in.pdf;D\:\\_Zotero\\storage\\PMLC64HA\\8769588.html}
}",10.1109/CAIS.2019.8769588,,x,,,,,,,,x,x,,,,,,,,,,,,,,,,,,,,,,,,,,,,,,,,,,,,,,,x,,,,,,,,,,,,,,,,,,,,,,,,,,,,,,,,,,,,,
269,2023,"Boram Yoon, Jae-eun Shin, Hyung-il Kim, Seo Young Oh, Dooyoung Kim, Woontack Woo",Effects of Avatar Transparency on Social Presence in Task-Centric Mixed Reality Remote Collaboration,"@article{yoon2023effects,
  title = {Effects of {{Avatar Transparency}} on {{Social Presence}} in {{Task-Centric Mixed Reality Remote Collaboration}}},
  author = {Yoon, Boram and Shin, Jae-eun and Kim, Hyung-il and Young Oh, Seo and Kim, Dooyoung and Woo, Woontack},
  year = {2023},
  month = nov,
  journal = {IEEE Transactions on Visualization and Computer Graphics},
  volume = {29},
  number = {11},
  pages = {4578--4588},
  issn = {1941-0506},
  doi = {10.1109/TVCG.2023.3320258},
  urldate = {2023-11-09},
  abstract = {Despite the importance of avatar representation on user experience for Mixed Reality (MR) remote collaboration involving various device environments and large amounts of task-related information, studies on how controlling visual parameters for avatars can benefit users in such situations have been scarce. Thus, we conducted a user study comparing the effects of three avatars with different transparency levels (Nontransparent, Semi-transparent, and Near-transparent) on social presence for users in Augmented Reality (AR) and Virtual Reality (VR) during task-centric MR remote collaboration. Results show that avatars with a strong visual presence are not required in situations where accomplishing the collaborative task is prioritized over social interaction. However, AR users preferred more vivid avatars than VR users. Based on our findings, we suggest guidelines on how different levels of avatar transparency should be applied based on the context of the task and device type for MR remote collaboration.},
  keywords = {AR VR Mix},
  file = {D\:\\_Zotero\\storage\\Z54AG6MY\\Yoon et al. - 2023 - Effects of Avatar Transparency on Social Presence .pdf;D\:\\_Zotero\\storage\\5EIA7QPL\\10269055.html}
}",10.1109/TVCG.2023.3320258,,x,,,,x,,,,,,,,x,,,,,,,,x,,,,,,,,,,,,,,,,,x,,,,,,,,,,,,,,,,,,,,,x,x,,,,,,,,,,,,,,x,,,,,x,,,,,,,
271,2023,"Huayuan Tian, Gun A. Lee, Huidong Bai, Mark Billinghurst",Using Virtual Replicas to Improve Mixed Reality Remote Collaboration,"@article{tian2023using,
  title = {Using {{Virtual Replicas}} to {{Improve Mixed Reality Remote Collaboration}}},
  author = {Tian, Huayuan and Lee, Gun A. and Bai, Huidong and Billinghurst, Mark},
  year = {2023},
  month = may,
  journal = {IEEE Transactions on Visualization and Computer Graphics},
  volume = {29},
  number = {5},
  pages = {2785--2795},
  issn = {1941-0506},
  doi = {10.1109/TVCG.2023.3247113},
  urldate = {2024-04-23},
  abstract = {In this paper, we explore how virtual replicas can enhance Mixed Reality (MR) remote collaboration with a 3D reconstruction of the task space. People in different locations may need to work together remotely on complicated tasks. For example, a local user could follow a remote expert's instructions to complete a physical task. However, it could be challenging for the local user to fully understand the remote expert's intentions without effective spatial referencing and action demonstration. In this research, we investigate how virtual replicas can work as a spatial communication cue to improve MR remote collaboration. This approach segments the foreground manipulable objects in the local environment and creates corresponding virtual replicas of physical task objects. The remote user can then manipulate these virtual replicas to explain the task and guide their partner. This enables the local user to rapidly and accurately understand the remote expert's intentions and instructions. Our user study with an object assembly task found that using virtual replica manipulation was more efficient than using 3D annotation drawing in an MR remote collaboration scenario. We report and discuss the findings and limitations of our system and study, and present directions for future research.},
  keywords = {Annotations,Cameras,Collaboration,Mixed reality,remote collaboration,Resists,Solid modeling,Task analysis,Three-dimensional displays,virtual replica},
  file = {D\:\\_Zotero\\storage\\P7GBPMYR\\Tian et al_2023_Using Virtual Replicas to Improve Mixed Reality Remote Collaboration.pdf;D\:\\_Zotero\\storage\\7NKW6S6B\\10049700.html}
}",10.1109/TVCG.2023.3247113,x,x,,,,,,,,x,,,x,,,,,,,,,,,,,x,x,,,,x,,,,,,x,,,,,,,,,x,,x,,,x,,,,,,x,,,,,,,,,,,,,x,,,,,,,,x,x,,,,,x,,,
274,2023,"Kohta Seki, Shinichi Fukushige",TeleGhost: Asymmetric Telepresence System Using AR and VR Avatars in a Shared Real Space,"@inproceedings{seki2023teleghost,
  title = {{{TeleGhost}}: {{Asymmetric Telepresence System Using AR}} and {{VR Avatars}} in a {{Shared Real Space}}},
  shorttitle = {{{TeleGhost}}},
  booktitle = {2023 {{IEEE International Conference}} on {{Systems}}, {{Man}}, and {{Cybernetics}} ({{SMC}})},
  author = {Seki, Kohta and Fukushige, Shinichi},
  year = {2023},
  month = oct,
  pages = {4550--4555},
  issn = {2577-1655},
  doi = {10.1109/SMC53992.2023.10394515},
  urldate = {2024-07-31},
  abstract = {This study proposes a simplified telepresence system based on extended reality for increasing the number of remote-able tasks. The system provides an immersive virtual environment that duplicates remote real spaces to enable communication among system users in different geographic locations through their digital avatars. The motion of the avatars corresponds with that of the mobile devices manipulated by the system users, and the avatars' position and orientation in the real space represent the viewpoint and viewing angle of the users. The three experiments showed that the proposed system creates a high-fidelity immersive environment in a short period of time and positively supports users' remote collaboration in the virtualized real space. The system successfully demonstrated its potential to contribute to the expansion of remotely enabled operations.},
  keywords = {augmented reality,Avatars,Cybernetics,extended reality,Extended reality,Mobile handsets,Task analysis,tele-collaboration,telepresence,Telepresence,Virtual environments,virtual reality},
  file = {D\:\\_Zotero\\storage\\ZVV96MQI\\Seki_Fukushige_2023_TeleGhost.pdf;D\:\\_Zotero\\storage\\NMGPN8FE\\10394515.html}
}",10.1109/SMC53992.2023.10394515,,,,x,,,,,,x,,,,,,x,,,,,,,,,,,,,,,,,,,,,,,,,,,,,,,,,,,,,,,x,,,,,,,,,,,,,x,,,,,,,,,,,,,,,,,,,
277,2023,Jens Emil Gr{\o}nb{\ae}k,Transitional Blended Realities: Linking between Video and Mixed Reality for Distributed Team Collaboration,"@inproceedings{gronbaek2023transitional,
  title = {Transitional {{Blended Realities}}: {{Linking}} between {{Video}} and {{Mixed Reality}} for {{Distributed Team Collaboration}}},
  shorttitle = {Transitional {{Blended Realities}}},
  booktitle = {2023 {{IEEE International Symposium}} on {{Mixed}} and {{Augmented Reality Adjunct}} ({{ISMAR-Adjunct}})},
  author = {Gr{\o}nb{\ae}k, Jens Emil},
  year = {2023},
  month = oct,
  pages = {220--222},
  publisher = {IEEE Computer Society},
  doi = {10.1109/ISMAR-Adjunct60411.2023.00051},
  urldate = {2024-02-08},
  abstract = {This paper envisions Transitional Blended Realities (TBR)---systems that integrate interfaces for Video Conferencing and Collaborative Mixed Reality. By utilizing a visual overlap in the reference space between remote physical spaces, TBR supports fluid transitions between video conferencing and mixed reality collaboration. This approach has the potential to enhance both collaboration flexibility and accessibility, fostering more dynamic distributed team meetings.},
  isbn = {9798350328912},
  langid = {english},
  file = {D:\_Zotero\storage\7LR2KJYI\Grønbæk_2023_Transitional Blended Realities.pdf}
}",10.1109/ISMAR-Adjunct60411.2023.00051,,,,x,,,,,,x,x,,,,,,,,,,,,,,,,,,,,,,,,,x,,x,x,,,,,,,,,,,x,,,,,,,,,,,,x,,,,,,x,,,,,,x,,,,,,,x,x,,,,,
278,2023,"Bernardo Marques, Andre Santos, Nuno Martins, Samuel Silva, Paulo Dias, Beatriz Sousa Santos",Exploring Situated Instructions for Mixed Reality (MR) Remote Collaboration: Comparing Embedded and Non-Embedded Annotations,"@inproceedings{marques2023exploring,
  title = {Exploring {{Situated Instructions}} for {{Mixed Reality}} ({{MR}}) {{Remote Collaboration}}: {{Comparing Embedded}} and {{Non-Embedded Annotations}}},
  shorttitle = {Exploring {{Situated Instructions}} for {{Mixed Reality}} ({{MR}}) {{Remote Collaboration}}},
  booktitle = {2023 {{IEEE Conference}} on {{Virtual Reality}} and {{3D User Interfaces Abstracts}} and {{Workshops}} ({{VRW}})},
  author = {Marques, Bernardo and Santos, Andre and Martins, Nuno and Silva, Samuel and Dias, Paulo and Santos, Beatriz Sousa},
  year = {2023},
  month = mar,
  pages = {589--590},
  doi = {10.1109/VRW58643.2023.00137},
  urldate = {2024-04-23},
  abstract = {Remote collaboration using Mixed Reality (MR) enable off-site experts to assist on-site collaborators needing guidance. Different types of visualizations have been proposed for sharing situated information, e.g., embedded, non-embedded, others. However, the effectiveness of these visualizations have not been compared. This work describes a user study with 16 participants, aimed at comparing two conditions: C1 - Embedded and C2 - Non-Embedded annotations during a real-life scenario of remote maintenance. Two distinct devices were used: Hand-Held Device (HHD) and a Head-Mounted Display (HMD). This last using Embedded annotations was considered the better alternative, while HHD using Non-Embedded annotations were rated lower from all conditions analyzed.},
  keywords = {Annotations,Collaboration,Head-mounted displays,Human-centered computing-Human computer interaction (HCI)-Interaction Paradigms-Mixed/augmented reality,Mixed reality,Three-dimensional displays,Virtual reality,Visualization},
  file = {D:\_Zotero\storage\V496DYL6\Marques et al_2023_Exploring Situated Instructions for Mixed Reality (MR) Remote Collaboration.pdf}
}",10.1109/VRW58643.2023.00137,x,,,,,x,,,,,,,,,,,,x,,,,,,,,,,,,,,,,,,,,,,,,,,,,,,,x,,,,,,,,,,,,,,,,,,,,,,,,,,,,,,,,,,,,,,
279,2023,"Ibrahim A. Tahmid, Francielly Rodrigues, Alexander Giovannelli, Lee Lisle, Jerald Thomas, Doug A. Bowman",CoLT: Enhancing Collaborative Literature Review Tasks with Synchronous and Asynchronous Awareness Across the Reality-Virtuality Continuum,"@inproceedings{tahmid2023colt,
  title = {{{CoLT}}: {{Enhancing Collaborative Literature Review Tasks}} with {{Synchronous}} and {{Asynchronous Awareness Across}} the {{Reality-Virtuality Continuum}}},
  shorttitle = {{{CoLT}}},
  booktitle = {2023 {{IEEE International Symposium}} on {{Mixed}} and {{Augmented Reality Adjunct}} ({{ISMAR-Adjunct}})},
  author = {Tahmid, Ibrahim A. and Rodrigues, Francielly and Giovannelli, Alexander and Lisle, Lee and Thomas, Jerald and Bowman, Doug A.},
  year = {2023},
  month = oct,
  pages = {831--836},
  issn = {2771-1110},
  doi = {10.1109/ISMAR-Adjunct60411.2023.00183},
  urldate = {2024-04-22},
  abstract = {Collaboration plays a vital role in both academia and industry whenever we need to browse through a big amount of data to extract meaningful insights. These collaborations often involve people living far from each other, with different levels of access to technology. Effective cross-border collaborations require reliable telepresence systems that provide support for communication, cooperation, and understanding of contextual cues. In the context of collaborative academic writing, while immersive technologies offer novel ways to enhance collaboration and enable efficient information exchange in a shared workspace, traditional devices such as laptops still offer better readability for longer articles. We propose the design of a hybrid cross-reality cross-device networked system that allows the users to harness the advantages of both worlds. Our system allows users to import documents from their personal computers (PC) to an immersive headset, facilitating document sharing and simultaneous collaboration with both colocated colleagues and remote colleagues. Our system also enables a user to seamlessly transition between Virtual Reality, Augmented Reality, and the traditional PC environment, all within a shared workspace. We present the real-world scenario of a global academic team conducting a comprehensive literature review, demonstrating its potential for enhancing cross-reality hybrid collaboration and productivity.},
  keywords = {Asynchronous Collaboration,Augmented Reality,Bibliographies,Collaboration,Colocated Collaboration,Human-centered computing,Portable computers,Productivity,Read MS,Reality-Virtuality Continuum,Remote Collaboration,Synchronous Collaboration,Technological innovation,Telepresence,Three-dimensional displays,Virtual Reality},
  file = {D\:\\_Zotero\\storage\\HJYJ3ZQG\\Tahmid et al_2023_CoLT.pdf;D\:\\_Zotero\\storage\\F6XU6LFX\\10322281.html}
}",10.1109/ISMAR-Adjunct60411.2023.00183,,,x,,,,,x,,x,x,,,,,,,,,,,,,,,,,,,,,,,,,x,,,,,,,,,,,,x,x,,,,,,,,,x,,,,,,,,,,,,,,,,,,,,,,,,x,,x,,,
285,2019,"Michael E. Walker, Daniel Szafir, Irene Rae",The Influence of Size in Augmented Reality Telepresence Avatars,"@inproceedings{walker2019influence,
  title = {The {{Influence}} of {{Size}} in {{Augmented Reality Telepresence Avatars}}},
  booktitle = {2019 {{IEEE Conference}} on {{Virtual Reality}} and {{3D User Interfaces}} ({{VR}})},
  author = {Walker, Michael E. and Szafir, Daniel and Rae, Irene},
  year = {2019},
  month = mar,
  pages = {538--546},
  issn = {2642-5254},
  doi = {10.1109/VR.2019.8798152},
  urldate = {2024-09-06},
  abstract = {In this work, we explore how advances in augmented reality technologies are creating a new design space for long-distance telepresence communication through virtual avatars. Studies have shown that the relative size of a speaker has a significant impact on many aspects of human communication including perceived dominance and persuasiveness. Our system synchronizes the body pose of a remote user with a realistic, virtual human avatar visible to a local user wearing an augmented reality head-mounted display. We conducted a two-by-two (relative system size: equivalent vs. small; leader vs. follower), between participants study (N = 40) to investigate the effect of avatar size on the interactions between remote and local user. We found the equal-sized avatars to be significantly more influential than the small-sized avatars and that the small avatars commanded significantly less attention than the equal-sized avatars. Additionally, we found the assigned leadership role to significantly impact participant subjective satisfaction of the task outcome.},
  keywords = {Augmented reality,avatar size,avatar telepresence systems,avatar-mediated communication,Avatars,Avatars augmented reality,Collaboration,human-avatar interaction,Leadership,mixed reality,Robots,scenario-based design,team role,Telepresence},
  file = {D\:\\_Zotero\\storage\\I63XKMJ7\\Walker et al. - 2019 - The Influence of Size in Augmented Reality Telepre.pdf;D\:\\_Zotero\\storage\\LCZEGIXA\\8798152.html}
}",10.1109/VR.2019.8798152,,,,x,,,,,,x,,x,,,,,,,,,,x,,,,,,,,,,,,x,x,,,,,,,,,,,,,,,,,,,,,,,,,x,x,,,x,,,,,,,,,,,x,,,,,,x,,,,,,
289,2022,"Jae-Eun Shin, Boram Yoon, Dooyoung Kim, Hyung-Il Kim, Woontack Woo",The Effects of Device and Spatial Layout on Social Presence During a Dynamic Remote Collaboration Task in Mixed Reality,"@inproceedings{shin2022effects,
  title = {The {{Effects}} of {{Device}} and {{Spatial Layout}} on {{Social Presence During}} a {{Dynamic Remote Collaboration Task}} in {{Mixed Reality}}},
  booktitle = {2022 {{IEEE International Symposium}} on {{Mixed}} and {{Augmented Reality}} ({{ISMAR}})},
  author = {Shin, Jae-Eun and Yoon, Boram and Kim, Dooyoung and Kim, Hyung-Il and Woo, Woontack},
  year = {2022},
  month = oct,
  pages = {394--403},
  issn = {1554-7868},
  doi = {10.1109/ISMAR55827.2022.00055},
  urldate = {2024-02-13},
  abstract = {This paper evaluates factors of social presence during a dynamic remote collaboration task in a technologically asymmetric Mixed Reality (MR) setting for two spatial layouts. While active movement during MR remote collaboration is afforded by how the shared 3D space is mediated and configured, studies investigating the impact of these conditions on user experience have been scarce. In a between-group study ({\textbackslash}mathrmn=48), a host user in Augmented Reality (AR) and a remote user in Virtual Reality (VR), both wearing Head Mounted Displays (HMDs), simultaneously moved around the shared space to find and assemble parts of a Mars exploration rover together, one group in a Peripheral layout and the other in a Scattered layout with disparate levels of spatial affordance. Results show that while VR facilitates higher co-presence and spatial presence than AR through HMDs, the Peripheral layout enables users to pay more attention to one another than the Scattered. We analyze the results and derive implications aimed at bridging the AR-VR gap in social presence for dynamic MR remote collaboration through the adaptive placement of virtual content in shared spaces.},
  keywords = {Affordances,Collaboration,Human-centered computing,Human-Computer Interaction,Interaction paradigms,Layout,Mixed reality,Mixed/augmented reality,Read MS,Space vehicles,Three-dimensional displays,User experience},
  file = {D\:\\_Zotero\\storage\\LYZXLBWS\\Shin et al. - 2022 - The Effects of Device and Spatial Layout on Social.pdf;D\:\\_Zotero\\storage\\GWD2THY5\\9995241.html}
}",10.1109/ISMAR55827.2022.00055,,x,,,,,,,,x,,,x,,x,,,,,,,x,,,,,,,,,,,,,,,,,x,,,,,,,,,,,,x,,,x,,,,x,,,,,,,,,,,,,,,,x,,,,x,,,x,,,x,,,
296,2020,"Taehyun Rhee, Stephen Thompson, Daniel Medeiros, Rafael {dos Anjos}, Andrew Chalmers",Augmented Virtual Teleportation for High-Fidelity Telecollaboration,"@article{rhee2020augmented,
  title = {Augmented {{Virtual Teleportation}} for {{High-Fidelity Telecollaboration}}},
  author = {Rhee, Taehyun and Thompson, Stephen and Medeiros, Daniel and {dos Anjos}, Rafael and Chalmers, Andrew},
  year = {2020},
  month = may,
  journal = {IEEE Transactions on Visualization and Computer Graphics},
  volume = {26},
  number = {5},
  pages = {1923--1933},
  issn = {1941-0506},
  doi = {10.1109/TVCG.2020.2973065},
  urldate = {2024-04-19},
  abstract = {Telecollaboration involves the teleportation of a remote collaborator to another real-world environment where their partner is located. The fidelity of the environment plays an important role for allowing corresponding spatial references in remote collaboration. We present a novel asymmetric platform, Augmented Virtual Teleportation (AVT), which provides high-fidelity telepresence of a remote VR user (VR-Traveler) into a real-world collaboration space to interact with a local AR user (AR-Host). AVT uses a 360{$^\circ$} video camera (360-camera) that captures and live-streams the omni-directional scenes over a network. The remote VR-Traveler watching the video in a VR headset experiences live presence and co-presence in the real-world collaboration space. The VR-Traveler's movements are captured and transmitted to a 3D avatar overlaid onto the 360-camera which can be seen in the AR-Host's display. The visual and audio cues for each collaborator are synchronized in the Mixed Reality Collaboration space (MRC-space), where they can interactively edit virtual objects and collaborate in the real environment using the real objects as a reference. High fidelity, real-time rendering of virtual objects and seamless blending into the real scene allows for unique mixed reality use-case scenarios. Our working prototype has been tested with a user study to evaluate spatial presence, co-presence, and user satisfaction during telecollaboration. Possible applications of AVT are identified and proposed to guide future usage.},
  keywords = {360 Panoramic Video,Avatars,Collaboration,Mixed Reality,Read MS,Real-time,Teleportation,Telepresence,Three-dimensional displays,Visualization},
  file = {D\:\\_Zotero\\storage\\VQUJ2862\\Rhee et al_2020_Augmented Virtual Teleportation for High-Fidelity Telecollaboration.pdf;D\:\\_Zotero\\storage\\SD896WDS\\8998353.html}
}",10.1109/TVCG.2020.2973065,,,,x,,,,,,x,,x,,x,,,,,,,,,,,,,,,,,,,,,,,,,,,,,,x,,,,x,,,,,,,,,,,,x,,,,,,,,,,,,,,,,,,,,x,x,,,,,,
298,2019,"Boram Yoon, Hyung-il Kim, Gun A. Lee, Mark Billinghurst, Woontack Woo",The Effect of Avatar Appearance on Social Presence in an Augmented Reality Remote Collaboration,"@inproceedings{yoon2019effecta,
  title = {The {{Effect}} of {{Avatar Appearance}} on {{Social Presence}} in an {{Augmented Reality Remote Collaboration}}},
  booktitle = {2019 {{IEEE Conference}} on {{Virtual Reality}} and {{3D User Interfaces}} ({{VR}})},
  author = {Yoon, Boram and Kim, Hyung-il and Lee, Gun A. and Billinghurst, Mark and Woo, Woontack},
  year = {2019},
  month = mar,
  pages = {547--556},
  issn = {2642-5254},
  doi = {10.1109/VR.2019.8797719},
  abstract = {This paper investigates the effect of avatar appearance on Social Presence and users' perception in an Augmented Reality (AR) telepresence system. Despite the development of various commercial 3D telepresence systems, there has been little evaluation and discussions about the appearance of the collaborator's avatars. We conducted two user studies comparing the effect of avatar appearances with three levels of body part visibility (head \& hands, upper body, and whole body) and two different character styles (realistic and cartoon-like) on Social Presence while performing two different remote collaboration tasks. We found that a realistic whole body avatar was perceived as being the best for remote collaboration, but an upper body or cartoon style could be considered as a substitute depending on the collaboration context. We discuss these results and suggest guidelines for designing future avatar-mediated AR remote collaboration systems.},
  keywords = {AR VR Mix,Augmented reality,Avatars,Collaboration,Human-centered computing-Human computer interaction (HCI)-HCI design and evaluation methods-User studies,Human-centered computing-Human computer interaction (HCI)-Interaction paradigms-Mixed/augmented reality,Read KLK,Task analysis,Telepresence,Three-dimensional displays},
  file = {D\:\\_Zotero\\storage\\FCGLZ6X9\\Yoon_2019_The Effect of Avatar Appearance on Social Presence in an Augmented Reality.pdf;D\:\\_Zotero\\storage\\2HY2WZKQ\\8797719.html}
}",10.1109/VR.2019.8797719,,,,x,,,,,,x,,,,x,,,,,x,,,,,,,,,,,,,,,,,,,,,,,,,,,,,,,,,,,,,,,,,x,x,,,,,,,,,,,,,,,,,,,,,,,,,,
300,2021,"Kevin Yu, Gleb Gorbachev, Ulrich Eck, Frieder Pankratz, Nassir Navab, Daniel Roth",Avatars for Teleconsultation: Effects of Avatar Embodiment Techniques on User Perception in 3D Asymmetric Telepresence,"@article{yu2021avatars,
  title = {Avatars for {{Teleconsultation}}: {{Effects}} of {{Avatar Embodiment Techniques}} on {{User Perception}} in {{3D Asymmetric Telepresence}}},
  shorttitle = {Avatars for {{Teleconsultation}}},
  author = {Yu, Kevin and Gorbachev, Gleb and Eck, Ulrich and Pankratz, Frieder and Navab, Nassir and Roth, Daniel},
  year = {2021},
  month = nov,
  journal = {IEEE Transactions on Visualization and Computer Graphics},
  volume = {27},
  number = {11},
  pages = {4129--4139},
  issn = {1941-0506},
  doi = {10.1109/TVCG.2021.3106480},
  urldate = {2024-04-23},
  abstract = {A 3D Telepresence system allows users to interact with each other in a virtual, mixed, or augmented reality (VR, MR, AR) environment, creating a shared space for collaboration and communication. There are two main methods for representing users within these 3D environments. Users can be represented either as point cloud reconstruction-based avatars that resemble a physical user or as virtual character-based avatars controlled by tracking the users' body motion. This work compares both techniques to identify the differences between user representations and their fit in the reconstructed environments regarding the perceived presence, uncanny valley factors, and behavior impression. Our study uses an asymmetric VR/AR teleconsultation system that allows a remote user to join a local scene using VR. The local user observes the remote user with an AR head-mounted display, leading to facial occlusions in the 3D reconstruction. Participants perform a warm-up interaction task followed by a goal-directed collaborative puzzle task, pursuing a common goal. The local user was represented either as a point cloud reconstruction or as a virtual character-based avatar, in which case the point cloud reconstruction of the local user was masked. Our results show that the point cloud reconstruction-based avatar was superior to the virtual character avatar regarding perceived co-presence, social presence, behavioral impression, and humanness. Further, we found that the task type partly affected the perception. The point cloud reconstruction-based approach led to higher usability ratings, while objective performance measures showed no significant difference. We conclude that despite partly missing facial information, the point cloud-based reconstruction resulted in better conveyance of the user behavior and a more coherent fit into the simulation context.},
  keywords = {Augmented Reality,Avatars,Collaboration,Embodiment,Faces,Mixed Reality,Real-time systems,Task analysis,Telepresence,Three-dimensional displays,Virtual Reality},
  file = {D\:\\_Zotero\\storage\\I4H3E323\\Yu et al_2021_Avatars for Teleconsultation.pdf;D\:\\_Zotero\\storage\\QDJNSLDH\\9523831.html}
}",10.1109/TVCG.2021.3106480,,,x,x,,,,,,x,,,x,,,,,,,,,,,x,,,x,,,,,x,x,x,x,,x,x,,,,x,x,,,x,,,,,,,,,,,,,x,x,x,,,,,x,,,,,,,,,,,,,,,,,,x,,,
306,2022,"Daniel Niedermayr, Josef Wolfartsberger, Marijo Borac, Robert Brandl, Marcel Huber, Petar Josipovic",Analyzing the Potential of Remote Collaboration in Industrial Mixed and Virtual Reality Environments,"@inproceedings{niedermayr2022analyzing,
  title = {Analyzing the {{Potential}} of {{Remote Collaboration}} in {{Industrial Mixed}} and {{Virtual Reality Environments}}},
  booktitle = {2022 {{IEEE International Symposium}} on {{Mixed}} and {{Augmented Reality Adjunct}} ({{ISMAR-Adjunct}})},
  author = {Niedermayr, Daniel and Wolfartsberger, Josef and Borac, Marijo and Brandl, Robert and Huber, Marcel and Josipovic, Petar},
  year = {2022},
  month = oct,
  pages = {66--73},
  issn = {2771-1110},
  doi = {10.1109/ISMAR-Adjunct57072.2022.00023},
  urldate = {2024-04-23},
  abstract = {Remote assistance tools in customer support allow for fast response times and reduced service expenses. Video and screen-based applications are widely used in various areas but lack spatial interactivity due to the limitation to a two-dimensional screen. Mixed reality-supported remote collaboration is frequently addressed in research as a way to extend the interaction space. The presented systems often require complicated device setups, calibration, or precomputation for reconstruction of the physical environment. This work investigates a novel approach for location-independent remote assistance and collaboration utilizing state-of-the-art mixed reality devices without any additional hardware modifications. In our approach a local user scans the environment using a HoloLens' standard depth camera. The data is transferred to a remote user equipped with a Virtual Reality headset, where the environment is reconstructed in real-time. The users can interact in the same shared environment. In a user study, the perceived workload was measured for both sides to examine the practical applicability of our approach. The results show that for local users the tasks set resulted in a low mental load, but also indicate that the coarse representation of the environment was mentally demanding for the remote users to work with. With our work we want to make remote collaboration easier and viable for a broader range of applications and facilitate interactions between globally distributed users.},
  keywords = {Cameras,Collaboration,Computer-aided Engineering,Hardware,Headphones,I.4.5 [Image Processing and Computer Vision],industry 4.0,J.6 [Computer Applications],mixed reality,Mixed reality,Real-time systems,Reconstruction,remote assistance,remote collaboration,Time factors,virtual reality},
  file = {D:\_Zotero\storage\LDJ25HTH\Niedermayr et al_2022_Analyzing the Potential of Remote Collaboration in Industrial Mixed and Virtual.pdf}
}",10.1109/ISMAR-Adjunct57072.2022.00023,x,,,,,x,,,,,,,,,x,,,,,,x,x,,,,x,,,,,,,,,,,,,,,,x,,,x,x,,,,,,,,,,x,,,,,,,,,,,,,,x,,,,,,,x,,x,,,,,,,,
308,2018,"Gun A. Lee, Theophilus Teo, Seungwon Kim, Mark Billinghurst",A User Study on MR Remote Collaboration Using Live 360 Video,"@inproceedings{lee2018user,
  title = {A {{User Study}} on {{MR Remote Collaboration Using Live}} 360 {{Video}}},
  booktitle = {2018 {{IEEE International Symposium}} on {{Mixed}} and {{Augmented Reality}} ({{ISMAR}})},
  author = {Lee, Gun A. and Teo, Theophilus and Kim, Seungwon and Billinghurst, Mark},
  year = {2018},
  month = oct,
  pages = {153--164},
  issn = {1554-7868},
  doi = {10.1109/ISMAR.2018.00051},
  urldate = {2024-09-08},
  abstract = {Sharing and watching live 360 panorama video is available on modern social networking platforms, yet the communication is often a passive one-directional experience. This research investigates how to further improve live 360 panorama based remote collaborative experiences by adding Mixed Reality (MR) cues. SharedSphere is a wearable MR remote collaboration system that enriches a live captured immersive panorama based collaboration through MR visualisation of non-verbal communication cues (e.g., view awareness and gestures cues). We describe the design and implementation details of the prototype system, and report on a user study investigating how MR live panorama sharing affects the user's collaborative experience. The results showed that providing view independence through sharing live panorama enhances co-presence in collaboration, and the MR cues help users understanding each other. Based on the study results we discuss design implications and future research direction.},
  keywords = {Augmented Reality,Cameras,Collaboration,live panorama sharing,Mixed Reality,remote collaboration,Streaming media,Three-dimensional displays,Two dimensional displays,view independence,Virtual reality,Visualization}
}",10.1109/ISMAR.2018.00051,,,,x,,,,,,x,,,,,x,,,,,,,x,x,,,,,,,,,,,,,,,,,,x,,,,,,,,x,,,,,,,x,x,,,,,,,,,,,,x,,,,,,x,,,,,,x,,,,,,
310,2022,"Seoyoung Kang, Boram Yoon, Bowon Kim, Woontack Woo",Effects of Avatar Face Level of Detail Control on Social Presence in Augmented Reality Remote Collaboration,"@inproceedings{kang2022effects,
  title = {Effects of {{Avatar Face Level}} of {{Detail Control}} on {{Social Presence}} in {{Augmented Reality Remote Collaboration}}},
  booktitle = {2022 {{IEEE International Symposium}} on {{Mixed}} and {{Augmented Reality Adjunct}} ({{ISMAR-Adjunct}})},
  author = {Kang, Seoyoung and Yoon, Boram and Kim, Bowon and Woo, Woontack},
  year = {2022},
  month = oct,
  pages = {763--767},
  issn = {2771-1110},
  doi = {10.1109/ISMAR-Adjunct57072.2022.00161},
  abstract = {This study explored how avatar face Level of Detail (LOD) and task types affect users' social presence and interpersonal communication in Augmented Reality remote collaboration. In AR remote collaboration, users are represented as avatars, and an actual user's appearance inevitably changes. While certain situations require an avatar that resembles a user, it is challenging to reconstruct everything realistically due to its high cost. Since facial parts show relative significance compared to body parts, we proposed controlling face LOD as an approach to lowering the cost while maintaining social presence in AR environments. Our results showed that while Mid-LOD maintains social presence but reduces costs compared to High-LOD, Low-LOD negatively impacts social presence mainly due to emotional understanding. Based on our findings, we highlight the importance of 1) considering facial expressions and emotional understanding in managing face LOD, 2) figuring out the collaboration context with different effects of tasks and communication behaviors, and 3) providing additional communication cues for maintaining social presence while lowering the cost.},
  keywords = {AR only,Avatars,Behavioral sciences,Collaboration,Costs,HCI design and evaluation methods,Human computer interaction (HCI),Human-centered computing,Interaction paradigms,Mixed / augmented reality,Mouth,Particle measurements,Task analysis,User studies},
  file = {D\:\\_Zotero\\storage\\SLGEJGEY\\Kang et al. - 2022 - Effects of Avatar Face Level of Detail Control on .pdf;D\:\\_Zotero\\storage\\IELRZ8U8\\9974390.html}
}",10.1109/ISMAR-Adjunct57072.2022.00161,,,,x,,,,,,x,,x,,,,,,,,,,,,,,,,,x,,,x,,,x,,,x,,,,,,x,,,,,,,,,,,,,,,,x,,,,x,,x,,,,,,,,,,,,,,,,,,,,,
311,2022,"Allison Jing, Kunal Gupta, Jeremy McDade, Gun A. Lee, Mark Billinghurst",Comparing Gaze-Supported Modalities with Empathic Mixed Reality Interfaces in Remote Collaboration,"@inproceedings{jing2022comparing,
  title = {Comparing {{Gaze-Supported Modalities}} with {{Empathic Mixed Reality Interfaces}} in {{Remote Collaboration}}},
  booktitle = {2022 {{IEEE International Symposium}} on {{Mixed}} and {{Augmented Reality}} ({{ISMAR}})},
  author = {Jing, Allison and Gupta, Kunal and McDade, Jeremy and Lee, Gun A. and Billinghurst, Mark},
  year = {2022},
  month = oct,
  pages = {837--846},
  issn = {1554-7868},
  doi = {10.1109/ISMAR55827.2022.00102},
  urldate = {2024-02-13},
  abstract = {In this paper, we share real-time collaborative gaze behaviours, hand pointing, gesturing, and heart rate visualisations between remote collaborators using a live 360 {$^\circ$} panoramic-video based Mixed Reality (MR) system. We first ran a pilot study to explore visual designs to combine communication cues with biofeedback (heart rate), aiming to understand user perceptions of empathic collaboration. We then conducted a formal study to investigate the effect of modality (Gaze+Hand, Hand-only) and interface (Near-Gaze, Embodied). The results show that the Gaze+Hand modality in a Near-Gaze interface is significantly better at reducing task load, improving co-presence, enhancing understanding and tightening collaborative behaviours compared to the conventional Embodied hand-only experience. Ranked as the most preferred condition, the Gaze+Hand in Near-Gaze condition is perceived to reduce the need for dividing attention to the collaborator's physical location, although it feels slightly less natural compared to the embodied visualisations. In addition, the Gaze+Hand conditions also led to more joint attention and less hand pointing to align mutual understanding. Lastly, we provide a design guideline to summarize what we have learned from the studies on the representation between modality, interface, and biofeedback.},
  keywords = {Biological control systems,Collaboration,Design methodology,HCI design and evaluation methods,Heart rate,Human computer interaction (HCI),Human-centered computing,Interaction paradigms,Mixed / augmented reality,Mixed reality,Real-time systems,User studies,Visualization},
  file = {D\:\\_Zotero\\storage\\MJCV3ZQK\\Jing et al. - 2022 - Comparing Gaze-Supported Modalities with Empathic .pdf;D\:\\_Zotero\\storage\\U9A92BMG\\9995367.html}
}",10.1109/ISMAR55827.2022.00102,,,x,,,,,,,x,,,x,,x,,,,,,,,,x,,,,,,,,,,,,,,,x,,,,,,,,,x,,,,,,,,x,x,,,,,,,,,,,,x,x,,,,,,,,,,,,,,,,,
320,2022,"Passant Farouk, Nourhan Faransawy, Nada Sharaf",Using HoloLens for Remote Collaboration in Extended Data Visualization,"@inproceedings{farouk2022using,
  title = {Using {{HoloLens}} for {{Remote Collaboration}} in {{Extended Data Visualization}}},
  booktitle = {2022 26th {{International Conference Information Visualisation}} ({{IV}})},
  author = {Farouk, Passant and Faransawy, Nourhan and Sharaf, Nada},
  year = {2022},
  month = jul,
  pages = {209--214},
  issn = {2375-0138},
  doi = {10.1109/IV56949.2022.00042},
  urldate = {2024-04-23},
  abstract = {Good collaboration is about clearance between all the team members to let everyone work transparently towards one goal. Augmented Reality was one of the technologies used for data visualization for an immersive and better understanding and analysis of the data. Hence, the collaboration between users on the visualized data in extended reality can combine the analytic power of multiple individuals, and potentially leading to increased quality of solutions and discoveries. The work presented in this paper discusses a remote collaboration technique for enhancing collaboration on visualized data in Augmented Reality. This was done through allowing the user to be immersed to a certain extent, but not completely replacing their reality. The Microsoft Hololens was used to create an Augmented Reality application that transfers the movements of the remote users in real-time using Microsoft Kinect v2 in the form of a hologram of an avatar. This allowed multiple participants to see each other (embodied as avatars), collaborate and interact with 3-Dimension visualized data as shareable holograms between the remote users. An experiment was conducted on 14 participants. The results indicated that the application was useful and fulfills the requirement. We found that the application successfully provided a rich, interesting, and immersive collaborative experience for the students regarding remote collaboration on data visualization in extended reality.},
  keywords = {Auditory system,Augmented Reality,Avatars,Collaboration,Data Visualisation,Data visualization,Extended reality,HoloLens,Real-time systems,Remote Collaboration,Three-dimensional displays},
  file = {D\:\\_Zotero\\storage\\AIYZQ8YI\\Farouk et al_2022_Using HoloLens for Remote Collaboration in Extended Data Visualization.pdf;D\:\\_Zotero\\storage\\V8D76CX9\\10017561.html}
}",10.1109/IV56949.2022.00042,,,x,x,,,,x,,x,,x,,,,,x,,,,,,,,,,,,,,,,,,,x,,x,x,,x,,x,,,,,,,,,,,,,,,,,,,,,,,,,,,,,,,,,,,,,,,,,,,,
323,2018,"Jonathon D. Hart, Thammathip Piumsomboon, Gun A. Lee, Mark Billinghurst",Sharing and Augmenting Emotion in Collaborative Mixed Reality,"@inproceedings{hart2018sharing,
  title = {Sharing and {{Augmenting Emotion}} in {{Collaborative Mixed Reality}}.},
  booktitle = {{{ISMAR}} Adjunct},
  author = {Hart, Jonathon D. and Piumsomboon, Thammathip and Lee, Gun A. and Billinghurst, Mark},
  year = {2018},
  pages = {212--213},
  doi = {10.1109/ISMAR-Adjunct.2018.00069},
  urldate = {2024-09-12},
  file = {D:\_Zotero\storage\62ZCTF7V\Hart et al. - 2018 - Sharing and Augmenting Emotion in Collaborative Mixed Reality..pdf}
}",10.1109/ISMAR-Adjunct.2018.00069,x,,,x,x,,,,,,x,,,,,,,,,,,,,,,,,,,,,,,,,,,,,,,,,,,,,,,,,,,,,,,,,,,,,x,,,,,,,,,,,,,,,,,,,,,,,
327,2019,"Tahir Mahmood, Willis Fulmer, Neelesh Mungoli, Jian Huang, Aidong Lu",Improving Information Sharing and Collaborative Analysis for Remote GeoSpatial Visualization Using Mixed Reality,"@inproceedings{mahmood2019improving,
  title = {Improving {{Information Sharing}} and {{Collaborative Analysis}} for {{Remote GeoSpatial Visualization Using Mixed Reality}}},
  booktitle = {2019 {{IEEE International Symposium}} on {{Mixed}} and {{Augmented Reality}} ({{ISMAR}})},
  author = {Mahmood, Tahir and Fulmer, Willis and Mungoli, Neelesh and Huang, Jian and Lu, Aidong},
  year = {2019},
  month = oct,
  pages = {236--247},
  issn = {1554-7868},
  doi = {10.1109/ISMAR.2019.00021},
  urldate = {2024-07-31},
  abstract = {Remote collaboration systems allow users at different sites to perform joint tasks, which are required by many real-life applications. For example, environmental pollution is a complex problem requiring many kinds of expertise to fully understand, as pollutants disperse not only locally but also regionally or even globally. This paper presents a remote collaborative visualization system through providing co-presence, information sharing, and collaborative analysis functions based on mixed reality techniques. We start with developing an immersive visualization approach for analyzing multi-attribute and geo-spatial data with intuitive multi-model interactions, simulating co-located collaboration effects. We then go beyond by designing a set of information sharing and collaborative analysis functions to support different users to share and analyze their sensemaking processes collaboratively. We provide example results and usage scenario to demonstrate that our system enables users to perform a variety of immersive and collaborative analytics tasks effectively. Through two small user studies focusing on evaluating our design of information sharing and system usability, the evaluation results confirm the effectiveness of comprehensive sharing among user, data, physical, and interaction spaces for improving remote collaborative analysis experience.},
  keywords = {Avatars,Collaboration,Data visualization,geospatial visualization,immersive analytics,Information management,mixed reality,Remote collaboration,Task analysis,Three-dimensional displays,Visualization},
  file = {D\:\\_Zotero\\storage\\MFDZ7JPS\\Mahmood et al_2019_Improving Information Sharing and Collaborative Analysis for Remote GeoSpatial.pdf;D\:\\_Zotero\\storage\\425L56D3\\8943760.html}
}",10.1109/ISMAR.2019.00021,,,x,x,,,,x,,,,,,,,,x,,,,,,,,,,,,,,,x,,,,,x,,,,,x,,,,,,,,,,,,,,,,,,x,,,x,,x,,,x,,x,,,,,,,x,,x,,x,,,,,,
328,2020,"Peng Wang, Xiaoliang Bai, Mark Billinghurst, Shusheng Zhang, Weiping He, Dechuan Han, Yue Wang, Haitao Min, Weiqi Lan, Shu Han",Using a Head Pointer or Eye Gaze: The Effect of Gaze on Spatial AR Remote Collaboration for Physical Tasks,"@article{wang2020using,
  title = {Using a {{Head Pointer}} or {{Eye Gaze}}: {{The Effect}} of {{Gaze}} on {{Spatial AR Remote Collaboration}} for {{Physical Tasks}}},
  shorttitle = {Using a {{Head Pointer}} or {{Eye Gaze}}},
  author = {Wang, Peng and Bai, Xiaoliang and Billinghurst, Mark and Zhang, Shusheng and He, Weiping and Han, Dechuan and Wang, Yue and Min, Haitao and Lan, Weiqi and Han, Shu},
  year = {2020},
  month = aug,
  journal = {Interacting with Computers},
  volume = {32},
  number = {1},
  pages = {153--169},
  issn = {1873-7951},
  doi = {10.1093/iwcomp/iwaa012},
  urldate = {2024-04-19},
  abstract = {This paper investigates the effect of using augmented reality (AR) annotations and two different gaze visualizations, head pointer (HP) and eye gaze (EG), in an AR system for remote collaboration on physical tasks. First, we developed a spatial AR remote collaboration platform that supports sharing the remote expert's HP or EG cues. Then the prototype system was evaluated with a user study comparing three conditions for sharing non-verbal cues: (1) a cursor pointer (CP), (2) HP and (3) EG with respect to task performance, workload assessment and user experience. We found that there was a clear difference between these three conditions in the performance time but no significant difference between the HP and EG conditions. When considering the perceived collaboration quality, the HP/EG interface was statistically significantly higher than the CP interface, but there was no significant difference for workload assessment between these three conditions. We used low-cost head tracking for the HP cue and found that this served as an effective referential pointer. This implies that in some circumstances, HP could be a good proxy for EG in remote collaboration. Head pointing is more accessible and cheaper to use than more expensive eye-tracking hardware and paves the way for multi-modal interaction based on HP and gesture in AR remote collaboration.},
  keywords = {augmented reality,eye gaze,head pointer,physical task,Read MS,remote collaboration},
  file = {D\:\\_Zotero\\storage\\M32AU4J7\\Wang et al_2020_Using a Head Pointer or Eye Gaze.pdf;D\:\\_Zotero\\storage\\BVYZASQZ\\9253058.html}
}",10.1093/iwcomp/iwaa012,x,x,,,,,,,,x,,,x,,,,,,,,x,x,x,x,,x,,,,,,,,,x,x,,,,,,,,x,,,,x,,,,,,,,,,,,,,,x,,,,,,x,,,,,,,,,,,,,,,,,,
330,2018,"Inma Garc{\'i}a-Pereira}, Jesus Gimeno, Manolo P{\'e}rez, Cristina Portal{\'e}s, Sergio Casas",MIME: A Mixed-Space Collaborative System with Three Immersion Levels and Multiple Users,"@inproceedings{garcia-pereira2018mime,
  title = {{{MIME}}: {{A Mixed-Space Collaborative System}} with {{Three Immersion Levels}} and {{Multiple Users}}},
  shorttitle = {{{MIME}}},
  booktitle = {2018 {{IEEE International Symposium}} on {{Mixed}} and {{Augmented Reality Adjunct}} ({{ISMAR-Adjunct}})},
  author = {{Garc{\'i}a-Pereira}, Inma and Gimeno, Jesus and P{\'e}rez, Manolo and Portal{\'e}s, Cristina and Casas, Sergio},
  year = {2018},
  month = oct,
  pages = {179--183},
  doi = {10.1109/ISMAR-Adjunct.2018.00062},
  urldate = {2024-07-18},
  abstract = {Shared spaces for remote collaboration are nowadays possible by considering a variety of users, devices, immersion systems, interaction capabilities, navigation paradigms, etc. There is a substantial amount of research done in this line, proposing different solutions. However, still a more general solution that considers the heterogeneity of the involved actors/items is lacking. In this paper, we present MIME, a mixed-space tri-collaborative system. Differently from other mixed-space systems, MIME considers three different types of users (in different locations) according to the level of immersion in the system, who can interact simultaneously -- what we call a tri-collaboration. For the three types, we provide a solution to navigate, point at objects/locations and make annotations, while users are able to see a virtual representation of the rest of users. Additionally, the total number of users that can simultaneously interact with the system is only restricted by the available hardware, i.e., various users of the same type can be simultaneously connected to the system. We have conducted a preliminary study at the laboratory level, showing that MIME is a promising tool that can be used in many real cases for different purposes.},
  keywords = {Augmented reality,Augmented Reality,K.5.1 [Multimedia Information Systems]: Artificial augmented and virtual realities,mixed-space,remote collaboration,shared spaces,Virtual Reality},
  file = {D\:\\_Zotero\\storage\\5IWNXYY4\\2018-MIME-ISMAR.pdf;D\:\\_Zotero\\storage\\N333DTEF\\García-Pereira et al_2018_MIME.pdf;D\:\\_Zotero\\storage\\VD7P3BNS\\8699172.html}
}",10.1109/ISMAR-Adjunct.2018.00062,,,x,x,,,,x,,,,,,,,x,,,,,,,,,,,,,,,,,,,,,,,x,x,,,,,,,,,,,,,,,,,,,x,,,,,,,,,,,,,,,,,,,x,,,,,,,,,
334,2019,"Sebastian Utzig, Robert Kaps, Syed Muhammad Azeem, Andreas Gerndt",Augmented Reality for Remote Collaboration in Aircraft Maintenance Tasks,"@inproceedings{utzig2019augmented,
  title = {Augmented {{Reality}} for {{Remote Collaboration}} in {{Aircraft Maintenance Tasks}}},
  booktitle = {2019 {{IEEE Aerospace Conference}}},
  author = {Utzig, Sebastian and Kaps, Robert and Azeem, Syed Muhammad and Gerndt, Andreas},
  year = {2019},
  month = mar,
  pages = {1--10},
  issn = {1095-323X},
  doi = {10.1109/AERO.2019.8742228},
  urldate = {2024-09-06},
  abstract = {In this paper, we present a concept study to facilitate maintenance of an operating aircraft based on its lifelong collected data, called Digital Twin. It demonstrates a damage assessment scenario on a real aircraft component. We propose a graphical user interface that contains menu-guided instructions and inspection documentation to increase the efficiency of manual processes. Furthermore, experts located at different sites can join via a virtual session. By inspecting a 3D model of the aircraft component, they can see synchronized information from a Digital Twin database. With Augmented Reality glasses, the Microsoft HoloLens, a Digital Twin can be experienced personally. In the inspector's view, the 3D model of the Digital Twin is directly superimposed on the physical component. This Mixed Reality Vision can be used for inspection purposes. Any inspection related information can be directly attached to the component. For example, damage locations are marked by the inspector on the component's surface and are stored in the Digital Twin database. Our scenario demonstrates how new information can be derived from the combination of collected data and analyses from the Digital Twin database. This information is used to maintain the continued airworthiness of the aircraft. Feedback from domain related engineers confirm that our interface has an enormous potential for solving current maintenance problems in the aviation industry. Additionally, our study provides ideas for the integration of further analysis functions into the interface.},
  keywords = {Aircraft,Collaboration,Documentation,Inspection,Maintenance engineering,Solid modeling,Three-dimensional displays},
  file = {D\:\\_Zotero\\storage\\C4PX95G9\\Utzig et al. - 2019 - Augmented Reality for Remote Collaboration in Airc.pdf;D\:\\_Zotero\\storage\\MD8QQSEZ\\8742228.html}
}",10.1109/AERO.2019.8742228,x,,,,,x,,,,,,,,,,,,x,,,x,,,x,,,,,,,x,,,,,,x,,,x,,x,,,,x,,x,,,,x,,,,,,x,,,,,,,,,,,,,,,,,,,x,,,,,,,x,,,x
350,2023,"Luca Asunis, Andrea Cirina, Lorenzo Stacchio, Gustavo Marfia",HOCTOPUS: An Open-Source Cross-Reality tool to Augment Live-Streaming Remote Classes,"@inproceedings{asunis2023hoctopus,
  title = {{{HOCTOPUS}}: {{An Open-Source Cross-Reality}} Tool to {{Augment Live-Streaming Remote Classes}}},
  shorttitle = {{{HOCTOPUS}}},
  booktitle = {2023 {{IEEE International Symposium}} on {{Mixed}} and {{Augmented Reality Adjunct}} ({{ISMAR-Adjunct}})},
  author = {Asunis, Luca and Cirina, Andrea and Stacchio, Lorenzo and Marfia, Gustavo},
  year = {2023},
  month = oct,
  pages = {29--34},
  issn = {2771-1110},
  doi = {10.1109/ISMAR-Adjunct60411.2023.00014},
  urldate = {2024-04-22},
  abstract = {Extended Reality (XR) has gained significant attention, offering novel pathways for learning based on the sharing of 3D content. Nevertheless, additional efforts should be spent to understand the advantages set forth by Cross-Reality (CR) scenarios, for example including Augmented Reality (AR) and Mixed Reality (MR) experiences in the context of remote live-streaming classes. In this process, a necessary step entails designing, implementing, and making educational tools available in an open-source format. To this aim, we present HOCTOPUS, a CR system designed to support live remote teaching. HOCTOPUS provides a cross-reality educational experience: an MR application for teachers and an AR mobile app for students. HOCTOPUS lets teachers visualize, manipulate, and share 3D objects in a live-streaming fashion, supporting bidirectional communication and interactions with all students. The MR component is developed for the Hololens 2, offering flexible manipulation capabilities, while the AR component runs on Android mobile devices, providing affordable interactive visualization and manipulation. The proposed tool may be used as a building block to enhance the learning process and is made available to the educational community for its use, assessment, and extension.},
  keywords = {Applied computing,Distance learning,Education Distance learning,Extended reality,Human computer interaction (HCI),Human-centered computing,Interactive systems and tools,Mixed reality,Multimedia systems,Read MS,Real-time systems,Solid modeling,Three-dimensional displays,Visualization},
  file = {D\:\\_Zotero\\storage\\IM5TQNI3\\Asunis et al_2023_HOCTOPUS.pdf;D\:\\_Zotero\\storage\\PL9WIYJC\\10322163.html}
}",10.1109/ISMAR-Adjunct60411.2023.00014,x,,,,,,,x,,,x,,,,,,,,,,,,,,,,,,,,,,,,,x,,,,,,,,,,,,,,,,,,,,,,,,,,,,,,,,,,,,,,,,,,,,,,,x,,,x,
366,2023,"Faisal Zaman, Craig Anslow, Andrew Chalmers, Taehyun Rhee",MRMAC: Mixed Reality Multi-user Asymmetric Collaboration,"@inproceedings{zaman2023mrmac,
  title = {{{MRMAC}}: {{Mixed Reality Multi-user Asymmetric Collaboration}}},
  shorttitle = {{{MRMAC}}},
  author = {Zaman, Faisal and Anslow, Craig and Chalmers, Andrew and Rhee, Taehyun},
  year = {2023},
  month = oct,
  doi = {10.1109/ISMAR59233.2023.00074},
  abstract = {We present MRMAC, a Mixed Reality Multi-user Asymmetric Collaboration system that allows remote users to teleport virtually into a real-world collaboration space to communicate and collaborate with local users. Our system provides telepresence for remote users by live-streaming the physical environment of local users using a 360-degree camera while blending 3D virtual assets into the mixed-reality collaboration space. Our novel client-server architecture enables asymmetric collaboration for multiple AR and VR users with avatars, view controls, and synchronized low-latency audio, video, and asset streaming. We evaluated our implementation with two baseline conditions: conventional 2D videoconferencing and standard 360-degree videoconferencing. Results show that MRMAC outperformed both baselines in inducing a sense of presence, improving task performance, usability, and overall user preference, demonstrating its potential for immersive multi-user telecollaboration.},
  keywords = {Collaboration,Mixed reality,Mixed Reality,Read MS,Telecollaboration,Teleportation,Telepresence,Three-dimensional displays,User experience,Video conferencing},
  file = {D\:\\_Zotero\\storage\\SE7PBFUL\\Zaman et al. - 2023 - MRMAC Mixed Reality Multi-user Asymmetric Collabo.pdf;D\:\\_Zotero\\storage\\KC6NGMVU\\10316498.html}
}",10.1109/ISMAR59233.2023.00074,x,,,,,,,,,x,,,x,,,,,,,,,,,,,,,,,,,,,x,,,,,,x,x,,,x,,,,,x,,,,,,,,,,x,,,,x,x,,,,x,,,,,,,,,,,,,,,,,,,
368,2016,"Morgan Le Chenechal, Thierry Duval, Valerie Gouranton, Jerome Royan, Bruno Arnaldi",Vishnu: virtual immersive support for HelpiNg users an interaction paradigm for collaborative remote guiding in mixed reality,"@inproceedings{chenechal2016vishnu,
  title = {Vishnu: Virtual Immersive Support for {{HelpiNg}} Users an Interaction Paradigm for Collaborative Remote Guiding in Mixed Reality},
  shorttitle = {Vishnu},
  booktitle = {2016 {{IEEE Third VR International Workshop}} on {{Collaborative Virtual Environments}} ({{3DCVE}})},
  author = {Chenechal, Morgan Le and Duval, Thierry and Gouranton, Valerie and Royan, Jerome and Arnaldi, Bruno},
  year = {2016},
  month = mar,
  pages = {9--12},
  doi = {10.1109/3DCVE.2016.7563559},
  urldate = {2024-09-12},
  abstract = {Increasing networking performances as well as the emergence of Mixed Reality (MR) technologies make possible providing advanced interfaces to improve remote collaboration. In this paper, we present our novel interaction paradigm called Vishnu that aims to ease collaborative remote guiding. We focus on collaborative remote maintenance as an illustrative use case. It relies on an expert immersed in Virtual Reality (VR) in the remote workspace of a local agent helped through an Augmented Reality (AR) interface. The main idea of the Vishnu paradigm is to provide the local agent with two additional virtual arms controlled by the remote expert who can use them as interactive guidance tools. Many challenges come with this: collocation, inverse kinematics (IK), the perception of the remote collaborator and gestures coordination. Vishnu aims to enhance the maintenance procedure thanks to a remote expert who can show to the local agent the exact gestures and actions to perform. Our pilot user study shows that it may decrease the cognitive load compared to a usual approach based on the mapping of 2D and de-localized informations, and it could be used by agents in order to perform specific procedures without needing to have an available local expert.},
  keywords = {Cameras,Collaboration,H.5.1 [Information Interfaces and Presentation (e.g. HCI]: Multimedia Information Systems-Artificial augmented and virtual realities,H.5.2 [Information Interfaces and Presentation (e.g. HCI]: User Interfaces-Prototyping,I.3.6 [Computer Graphics]: Methodology and Techniques-Interaction Tech,Layout,Maintenance engineering,Navigation,Three-dimensional displays,Virtual reality},
  file = {D\:\\_Zotero\\storage\\DS774U49\\Chenechal et al. - 2016 - Vishnu virtual immersive support for HelpiNg users an interaction paradigm for collaborative remote.pdf;D\:\\_Zotero\\storage\\NW5LMNL2\\7563559.html}
}",10.1109/3DCVE.2016.7563559,x,,,,,x,,,,,,,,,,,x,,,,,,,,,,,,,,,x,,,,,,,,,,,,,,,,,,,,,,,,,,,,,,,,,x,,,,,,,,,,,x,,,,,,,,,,x,
369,2023,"Xinyi Zhang, Huaiyi Zhao, Jianer Zhou, Furong Yang, Shiyi Liu, Gaogang Xie",Remote Collaborations in Metaverse under 5G Mobile Networks,"@article{zhang2023remote,
  title = {Remote {{Collaborations}} in {{Metaverse}} under {{5G Mobile Networks}}},
  author = {Zhang, Xinyi and Zhao, Huaiyi and Zhou, Jianer and Yang, Furong and Liu, Shiyi and Xie, Gaogang},
  year = {2023},
  month = sep,
  journal = {IEEE Communications Magazine},
  volume = {61},
  number = {9},
  pages = {16--22},
  issn = {1558-1896},
  doi = {10.1109/MCOM.003.2200624},
  urldate = {2024-09-05},
  abstract = {For decades, people have been creating new ways to make remote communication and collaboration natural and effective. Recently, eXtended Reality (XR)-based remote collaborations enable people around the world to communicate in real-time in a mixed physical and virtual space, which breaks the limitations of geography. 5G mobile networks are considered as the enabling communication technology toward XR and metaverse, but the network demands of remote real-time collaborations in metaverse and how real-world 5G can support these applications have not been studied in depth. In this work, we introduce remote collaboration technologies and evaluate the network characteristics of remote real-time collaboration in metaverse under the 5G mobile network. Based on our evaluation results, challenges and opportunities are discussed.},
  keywords = {5G mobile communication,Collaboration,Communications technology,Extended reality,Geography,Metaverse,Real-time systems},
  file = {D\:\\_Zotero\\storage\\6LN3GN2Y\\Zhang et al. - 2023 - Remote Collaborations in Metaverse under 5G Mobile Networks.pdf;D\:\\_Zotero\\storage\\4HYV7RUA\\10268869.html}
}",10.1109/MCOM.003.2200624,,,,x,,,,,,x,,x,,,,,,,,,,,,,,,,,,,,,,,,,,,,,,x,,x,x,,,,,,,,,,,,,,,,,,,,,,,,,,,,,,,,,,,,,,,,,,
370,2023,"Renan Guarese, Emma Pretty, Fabio Zambetta",XR towards tele-guidance: mixing realities in assistive technologies for blind and visually impaired people,"@inproceedings{guarese2023xr,
  title = {{{XR}} towards Tele-Guidance: Mixing Realities in Assistive Technologies for Blind and Visually Impaired People},
  shorttitle = {{{XR}} towards Tele-Guidance},
  booktitle = {2023 {{IEEE Conference}} on {{Virtual Reality}} and {{3D User Interfaces Abstracts}} and {{Workshops}} ({{VRW}})},
  author = {Guarese, Renan and Pretty, Emma and Zambetta, Fabio},
  year = {2023},
  month = mar,
  pages = {324--329},
  doi = {10.1109/VRW58643.2023.00074},
  urldate = {2024-04-22},
  abstract = {This work proposes the use of immersive asymmetric collaboration as an assistive technology for people who are blind or visually impaired (BVI). Similar to tele-guidance (TG) systems, it is feasible to transmit in-situ spatial information from the perspective of a BVI person wearing an Augmented Reality (AR) headset to be viewed by a remote sighted person wearing a Virtual Reality (VR) headset. Through this asymmetric collaborative guidance scenario, we expect remote guides may have better spatial understanding of the environment, being immersed in its digital twin, while BVI users may find guidance to be less time-consuming in their current environment, when compared to current TG systems, solely based on video. In the current experiment, TG is done in a Wizard-of-Oz fashion, while users (N = 18) are blindfolded and follow its audio cues in search of targets in a room. Results outlined that different audio interfaces have an impact on the system's usability, with one of our tested methods providing significantly better results in multiple usability metrics. As a proof of concept, we showcase how cross-reality asymmetric collaboration can be used in day-to-day manual tasks, such as finding objects in a pantry or a closet.},
  keywords = {Assistive technologies,Collaboration,Headphones,Human-centered computing-Accessibility technologies-Empirical studies in accessibility-,Human-centered computing-Human computer interaction (HCI)-Interaction paradigms-Mixed / augmented reality,Human-centered computing-Human computer interaction (HCI)-Interaction techniques-Auditory feedback,Measurement,Read MS,Three-dimensional displays,User interfaces,Visualization},
  file = {D\:\\_Zotero\\storage\\NHDSHJET\\Guarese et al_2023_XR towards tele-guidance.pdf;D\:\\_Zotero\\storage\\FGLET5KQ\\10108844.html}
}",10.1109/VRW58643.2023.00074,x,,,,,,,,,x,,x,,,,,,,,,,,,,,,,,,,,,,,,,,,,,,,,,,,,,,,,,,,,,,,,,,,x,,,,,,,,,,,,x,,,,,,,,,,,x,
377,2022,"Manuel Rebol, Krzysztof Pietroszek, Claudia Ranniger, Colton Hood, Adam Rutenberg, Neal Sikka, David Li, Christian G{\u}tl",Mixed Reality Communication for Medical Procedures: Teaching the Placement of a Central Venous Catheter,"@inproceedings{rebol2022mixed,
  title = {Mixed {{Reality Communication}} for {{Medical Procedures}}: {{Teaching}} the {{Placement}} of a {{Central Venous Catheter}}},
  shorttitle = {Mixed {{Reality Communication}} for {{Medical Procedures}}},
  booktitle = {2022 {{IEEE International Symposium}} on {{Mixed}} and {{Augmented Reality}} ({{ISMAR}})},
  author = {Rebol, Manuel and Pietroszek, Krzysztof and Ranniger, Claudia and Hood, Colton and Rutenberg, Adam and Sikka, Neal and Li, David and G{\""u}tl, Christian},
  year = {2022},
  month = oct,
  pages = {346--354},
  issn = {1554-7868},
  doi = {10.1109/ISMAR55827.2022.00050},
  urldate = {2024-02-13},
  abstract = {Medical procedures are an essential part of healthcare delivery, and the acquisition of procedural skills is a critical component of medical education. Unfortunately, procedural skill is not evenly distributed among medical providers. Skills may vary within departments or institutions, and across geographic regions, depending on the provider's training and ongoing experience. We present a mixed reality real-time communication system to increase access to procedural skill training and to improve remote emergency assistance. Our system allows a remote expert to guide a local operator through a medical procedure. RGBD cameras capture a volumetric view of the local scene including the patient, the operator, and the medical equipment. The volumetric capture is augmented onto the remote expert's view to allow the expert to spatially guide the local operator using visual and verbal instructions. We evaluated our mixed reality communication system in a study in which experts teach the ultrasound-guided placement of a central venous catheter (CVC) to students in a simulation setting. The study compares state-of-the-art video communication against our system. The results indicate that our system enhances and offers new possibilities for visual communication compared to video teleconference-based training.},
  keywords = {Cameras,Catheters,Computer graphics,Computer vision,Computer vision problems,Computing methodologies,Graphics systems and interfaces,Medical,Mixed / augmented reality,Mixed reality,Real-time systems,Reconstruction Social and professional topics,Rendering (computer graphics),Streaming media,Training,Ultrasonic imaging,Visual communication,Visualization},
  file = {D\:\\_Zotero\\storage\\WY65N48R\\Rebol et al. - 2022 - Mixed Reality Communication for Medical Procedures.pdf;D\:\\_Zotero\\storage\\IGZWDJXR\\9995239.html}
}",10.1109/ISMAR55827.2022.00050,x,,,,x,,,,,,,,,,,x,,,,,,,,,,x,,x,,,,,,,,,x,x,,,x,,x,x,,,,x,,,,,,,x,,,,,,,,x,,x,,,,,,,,,,,,,,,,,,,x,,,
380,2022,"Manuel Rebol, Krzysztof Pietroszek, Claudia Ranniger, Colton Hood, Adam Rutenberg, Neal Sikka, Alexander Steinmaurer, Christian G{\u}tl",Work-in-Progress-Volumetric Communication for Remote Assistance Giving Cardiopulmonary Resuscitation,"@inproceedings{rebol2022workinprogressvolumetric,
  title = {Work-in-{{Progress-Volumetric Communication}} for {{Remote Assistance Giving Cardiopulmonary Resuscitation}}},
  booktitle = {2022 8th {{International Conference}} of the {{Immersive Learning Research Network}} ({{iLRN}})},
  author = {Rebol, Manuel and Pietroszek, Krzysztof and Ranniger, Claudia and Hood, Colton and Rutenberg, Adam and Sikka, Neal and Steinmaurer, Alexander and G{\""u}tl, Christian},
  year = {2022},
  month = may,
  pages = {1--3},
  doi = {10.23919/iLRN55037.2022.9815989},
  urldate = {2024-04-23},
  abstract = {We present our work in progress, a real-time mixed reality communication system for remote assistance in medical emergency situations. 3D cameras capture the emergency situa-tion and send volumetric data to a remote expert. The remote expert sees the volumetric scene through mixed reality glasses and guides an operator at the patient. The local operator receives audio and visual guidance augmented onto the mixed reality headset. We compare the mixed reality system against traditional video communication in a user study on a CPR emergency simulation. We evaluate task performance, cognitive load, and user interaction. The results will help to better understand the benefits of using augmented and volumetric information in medical emergency procedures.},
  keywords = {Cameras,Communication systems,emergency assistance,Glass,Headphones,mixed reality,Mixed reality,Three-dimensional displays,Visualization,volumetric communication},
  file = {D\:\\_Zotero\\storage\\G5WRNAXT\\Rebol et al_2022_Work-in-Progress-Volumetric Communication for Remote Assistance Giving.pdf;D\:\\_Zotero\\storage\\5TQVZEX4\\9815989.html}
}",10.23919/iLRN55037.2022.9815989,x,,,,x,,,,,,,,,,,x,,,,,,,,x,,x,,,,,,,,,,,,,,,,,,,,,,,,,,,,,,,,,,,,,,,,,,,,,,,,,,,,,,,,,,,,,
381,2017,"Michael Tanaya, KouKeng Yang, Taran Christensen, Shen Li, Michael O'Keefe, James Fridley, Kelvin Sung",A Framework for analyzing AR/VR Collaborations: An initial result,"@inproceedings{tanaya2017frameworka,
  title = {A {{Framework}} for Analyzing {{AR}}/{{VR Collaborations}}: {{An}} Initial Result},
  shorttitle = {A {{Framework}} for Analyzing {{AR}}/{{VR Collaborations}}},
  booktitle = {2017 {{IEEE International Conference}} on {{Computational Intelligence}} and {{Virtual Environments}} for {{Measurement Systems}} and {{Applications}} ({{CIVEMSA}})},
  author = {Tanaya, Michael and Yang, KouKeng and Christensen, Taran and Li, Shen and O'Keefe, Michael and Fridley, James and Sung, Kelvin},
  year = {2017},
  month = jun,
  pages = {111--116},
  issn = {2377-9322},
  doi = {10.1109/CIVEMSA.2017.7995311},
  urldate = {2024-07-17},
  abstract = {The recent advances in Virtual Reality (VR) and Augmented Reality (AR) research have enabled investigations into collaborative efforts that equip participants with heterogeneous technological configurations in various degrees of immersion. Results from this work are interesting and may seem futuristic which can cause challenges in understanding the underlying impacts and gaining insights. This paper describes an attempt in identifying the fundamental elements of a digital interaction and remote collaboration; and proposes the Cross Reality Collaboration Framework (CRCF) to provide a unified platform for discussing, comparing, and contrasting these efforts. Though in an early stage of development, the current iteration of CRCF is capable of analyzing configurations that are based on drastically different technologies (e.g., an AR application vs. a location aware mobile application), comparing them, and revealing insights. This paper demonstrates the potentials of CRCF by applying it to analyze popular technological configurations and identifying opportunities for investigations. The paper then describes a prototype solution addressing the identified opportunity and presents results from a testing environment involving four collaborators with distinct technological configurations.},
  keywords = {Aerospace electronics,Augmented reality,Augmented Reality,Collaboration,Mixed Reality,Prototypes,Three-dimensional displays,User interfaces,Virtual Reality,Virtual Space},
  file = {D\:\\_Zotero\\storage\\8XGVSFEB\\Tanaya et al_2017_A Framework for analyzing AR-VR Collaborations.pdf;D\:\\_Zotero\\storage\\73YVHGUU\\7995311.html}
}",10.1109/CIVEMSA.2017.7995311,,,,x,,,,,,x,x,,,,,,,,,,,,,,,,,,,,,,,,,,,,x,,,,,,,,,,x,,,,,,,,,,,,,,,,,,,,,,,,,,,,,,,,,,,,,,
382,2021,"Gi-Bbeum Lee, Hyuckjin Jang, Hyundeok Jeong, Woontack Woo",Designing a Multi-Modal Communication System for the Deaf and Hard-of-Hearing Users,"@inproceedings{lee2021designing,
  title = {Designing a {{Multi-Modal Communication System}} for the {{Deaf}} and {{Hard-of-Hearing Users}}},
  booktitle = {2021 {{IEEE International Symposium}} on {{Mixed}} and {{Augmented Reality Adjunct}} ({{ISMAR-Adjunct}})},
  author = {Lee, Gi-Bbeum and Jang, Hyuckjin and Jeong, Hyundeok and Woo, Woontack},
  year = {2021},
  month = oct,
  pages = {429--434},
  doi = {10.1109/ISMAR-Adjunct54149.2021.00097},
  urldate = {2024-04-22},
  abstract = {In remote collaboration using Augmented Reality (AR), speech and gesture are major communication methods for the general public. However, the Deaf and Hard-of-Hearing (DHH) population cannot join in the communication due to the absence of a sign language interface which is their primary language. Recent works have tried to augment spoken language with sign language animations or captions, but the research to convey sign language with spoken language is still very limited. In this paper, we propose a novel multi-modal communication system that integrates sign language translation, speech recognition, and shared object manipulation in the mobile AR environment. Though the system is currently under development, we demonstrated a rapid prototype of the telemedicine app leveraging the video prototyping method to integrate the system modules. We performed preliminary interviews about our approach with DHH users, a sign language interpreter, and a physician. We discuss the insights into the future design of the DHH communication support in the AR collaboration system. This study has a socio-cultural, economic impact on the DHH population as a barrier-free design of a remote collaboration system in a practical scenario. Another contribution of this work is that we suggested a novel user-centered system for DHH users in AR by integrating the existing technologies.},
  keywords = {Collaboration,Communication systems,Gesture recognition,Human computer interaction (HCI),Human-centered computing,Interaction design,Interaction design process and methods,Interaction paradigms,Mixed / augmented reality,Prototypes,Read MS,Sociology,Speech recognition,Telemedicine,User centered design},
  file = {D\:\\_Zotero\\storage\\2IVJK2WL\\Lee et al_2021_Designing a Multi-Modal Communication System for the Deaf and Hard-of-Hearing.pdf;D\:\\_Zotero\\storage\\9FCHHG9F\\9585888.html}
}",10.1109/ISMAR-Adjunct54149.2021.00097,x,,,,x,,,,,,x,,,,,,,,,,x,,,,,,,,,,,,,,,,,,,,,,,,,,,,,,,,,,,,,,,,,,,,,,,,,,,,,,x,,,,,,,,,,x,x,
384,2023,"Francisco M. Garc{\'i}a, Rub{\'e}n Moraleda, Santiago {Schez-Sobrino}, Dorothy N. Monekosso, David Vallejo, Carlos {Glez-Morcillo}",Health-5G: A Mixed Reality-Based System for Remote Medical Assistance in Emergency Situations,"@article{garcia2023health5g,
  title = {Health-{{5G}}: {{A Mixed Reality-Based System}} for {{Remote Medical Assistance}} in {{Emergency Situations}}},
  shorttitle = {Health-{{5G}}},
  author = {Garc{\'i}a, Francisco M. and Moraleda, Rub{\'e}n and {Schez-Sobrino}, Santiago and Monekosso, Dorothy N. and Vallejo, David and {Glez-Morcillo}, Carlos},
  year = {2023},
  journal = {IEEE Access},
  volume = {11},
  pages = {59016--59032},
  issn = {2169-3536},
  doi = {10.1109/ACCESS.2023.3285420},
  urldate = {2024-04-22},
  abstract = {Mixed reality is the combination of virtual and augmented reality to interactively and believably merge physical and computer-generated environments. This paper discusses the design of Health-5G, a scalable mixed reality-based system that facilitates and supports emergency response by medical emergency teams. Health-5G is supported by a distributed architecture divided into four interrelated applications responsible for advanced computer-human interaction, effective real-time videoconference, medical device integration, and communication infrastructure, respectively. The mixed reality layer is provided by the headset Microsoft Hololens 2™. Health-5G is based on scenarios in which emergency personnel wear mixed reality glasses that can transmit audio, video, and data streams bidirectionally over a 5G network to medical specialists stationed in a hospital at any distance. Thanks to Health-5G, the specialist will be able to access the emergency team's point of view at any time and provide verbal and visual instructions, including gestures and positioning of graphical markers in 3D space. In this way, emergency personnel can provide the best possible care to the patient without having to wait for them to arrive at the hospital, saving a lot of time in scenarios where every second can make a difference. Health-5G also addresses the integration of medical devices and the collection of the patient's medical data in a scalable way through optical character recognition. A case study is discussed where Health-5G is used to attend a patient in the street suffering from syncope due to third-degree atrioventricular block. Latency and performance tests over a 5G network are also discussed. To the best of our knowledge, there is no comprehensive solution in the literature that provides all the capabilities offered by Health-5G in terms of functionality and advanced interaction mechanisms within the context of remote, immersive support in emergency situations.},
  keywords = {5G,5G mobile communication,Hospitals,Medical diagnostic imaging,Mixed reality,Read MS,Real-time systems,Surgery,teleassistance,Telemedicine,Three-dimensional displays,visualization,Visualization},
  file = {D\:\\_Zotero\\storage\\P6WMW69B\\García et al_2023_Health-5G.pdf;D\:\\_Zotero\\storage\\D3NZUIFS\\10149357.html}
}",10.1109/ACCESS.2023.3285420,x,,,,x,,,,,,x,,,,,,,,,,,,x,x,,,,,,,,,x,,,,,,,x,,,x,x,x,,,,,,,,,,,,,,,,,,,,,,,,,,,,,,,,,,,,,,,,x,x,x
385,2020,"Boram Yoon, Hyung-il Kim, Seo Young Oh, Woontack Woo",Evaluating Remote Virtual Hands Models on Social Presence in Hand-based 3D Remote Collaboration,"@inproceedings{yoon2020evaluating,
  title = {Evaluating {{Remote Virtual Hands Models}} on {{Social Presence}} in {{Hand-based 3D Remote Collaboration}}},
  booktitle = {2020 {{IEEE International Symposium}} on {{Mixed}} and {{Augmented Reality}} ({{ISMAR}})},
  author = {Yoon, Boram and Kim, Hyung-il and Oh, Seo Young and Woo, Woontack},
  year = {2020},
  month = nov,
  pages = {520--532},
  issn = {1554-7868},
  doi = {10.1109/ISMAR50242.2020.00080},
  urldate = {2024-04-19},
  abstract = {This study investigates the effects of a virtual hand representation on the user experience including social presence during hand-based 3D remote collaboration. Although a remote hand appearance is a critical parts of a hand-based telepresence, it has been rarely studied in comparison to studies on the self-embodiment of virtual hands in a 3D environment. Thus, we conducted a user study comparing the three virtual hands models (Skeleton, Low Polygon and Realistic) while performing a remote collaborative task based on the American Sign Language (ASL) using both Augmented Reality (AR) and Virtual Reality (VR) environments. We found that the realistic type was perceived as the most sense of being together, human-like, and trustable representation. The low polygon model could also convey a clear sign and moderate level of social presence. Although the system was configured asymmetrically in AR and VR, little difference in perception was found except for the participant's mental load and message understanding. We then discuss the results and suggest design implications for future hand-based 3D telepresence systems.},
  keywords = {Augmented reality,Collaboration,Human-centered computing-Human computer interaction (HCI)-HCI design and evaluation methods-User studies,Human-centered computing-Human computer interaction (HCI)-Interaction paradigms-Mixed/augmented reality,Load modeling,Read MS,Solid modeling,Telepresence,Three-dimensional displays,User experience},
  file = {D\:\\_Zotero\\storage\\YKS7B3UU\\Yoon et al_2020_Evaluating Remote Virtual Hands Models on Social Presence in Hand-based 3D.pdf;D\:\\_Zotero\\storage\\QIR5ZLWR\\9284778.html}
}",10.1109/ISMAR50242.2020.00080,,,,x,,,,,,x,,x,,,,,,,,,,,,x,,,,,,,,,x,,,,,,,,,,,,,,,,,,,,,,,,,,,,x,,,,,,,,,,,,,,,,,x,,,,,,,x,,
393,2021,"Manuel Rebol, Colton Hood, Claudia Ranniger, Adam Rutenberg, Neal Sikka, Erin Maria Horan, Christian G{\u}tl, Krzysztof Pietroszek",Remote Assistance with Mixed Reality for Procedural Tasks,"@inproceedings{rebol2021remote,
  title = {Remote {{Assistance}} with {{Mixed Reality}} for {{Procedural Tasks}}},
  booktitle = {2021 {{IEEE Conference}} on {{Virtual Reality}} and {{3D User Interfaces Abstracts}} and {{Workshops}} ({{VRW}})},
  author = {Rebol, Manuel and Hood, Colton and Ranniger, Claudia and Rutenberg, Adam and Sikka, Neal and Horan, Erin Maria and G{\""u}tl, Christian and Pietroszek, Krzysztof},
  year = {2021},
  month = mar,
  pages = {653--654},
  doi = {10.1109/VRW52623.2021.00209},
  urldate = {2024-04-19},
  abstract = {We present a volumetric communication system that is designed for remote assistance of procedural tasks. The system allows a remote expert to visually guide a local operator. The two parties share a view that is spatially identical, but for the local operator it is of the object on which they operate, while for the remote expert, the object is presented as a mixed reality ""hologram"". Guidance is provided by voice, gestures, and annotations performed directly on the object of interest or its hologram. At each end of the communication, spatial is visualized using mixed-reality glasses.},
  keywords = {Annotations,Augmented Reality,Communication systems,Conferences,Medical services,Mixed reality,Read MS,Remote Procedure,Three-dimensional displays,Virtual Presence,Visualization},
  file = {D\:\\_Zotero\\storage\\WBUS7FUT\\Rebol et al_2021_Remote Assistance with Mixed Reality for Procedural Tasks.pdf;D\:\\_Zotero\\storage\\I37XAKMG\\9419296.html}
}",10.1109/VRW52623.2021.00209,x,,,,,x,,,,,x,,,,,,,,,,,,,,x,,,,,,,,,,,,,,,,x,,,x,,,,,,,,,,,,,,,,,,,,,,,,,,,,,,,,,,,,,,,,,,,
398,2023,"Guillaume Bataille, Abdelhadi Lammini, Jean-R{\'e}my Chardonnet",ARPuzzle: Evaluating the Effectiveness of Collaborative Augmented Reality,"@inproceedings{bataille2023arpuzzle,
  title = {{{ARPuzzle}}: {{Evaluating}} the {{Effectiveness}} of {{Collaborative Augmented Reality}}},
  shorttitle = {{{ARPuzzle}}},
  booktitle = {2023 {{IEEE International Symposium}} on {{Mixed}} and {{Augmented Reality}} ({{ISMAR}})},
  author = {Bataille, Guillaume and Lammini, Abdelhadi and Chardonnet, Jean-R{\'e}my},
  year = {2023},
  month = oct,
  pages = {642--651},
  publisher = {IEEE Computer Society},
  doi = {10.1109/ISMAR59233.2023.00079},
  urldate = {2024-02-09},
  abstract = {Collaborative Augmented Reality (CAR) offers disruptive ways for people to collaborate. However, this emerging technology must improve its acceptance, efficiency, and usability to scale up and, for example, support augmented operations executed by technicians. This paper presents our CAR system and its experimentation during a cooperative puzzle-solving task. Our system provides collaborators with a shared virtual space allowing verbal and non-verbal interpersonal communications, and intuitive interactions with shared virtual replicas of real objects. Our system also integrates avatars embodied by remote users. We conducted a dual-user study comparing colocated and remote solving of a puzzle virtual replica with its real solving. We evaluated task performance, collaboration, mutual awareness, spatial presence, and copresence, usability, and preference. We found that, if real is preferred and more efficient than our CAR system, CAR is reaching favorable usability levels. We also found that remote augmented reality including full-body avatars offers similar results to colocated augmented reality. This preliminary work paves the way for future research aiming to support and enhance the design and making of Collaborative Augmented Reality systems dedicated to augmented operations.},
  isbn = {9798350328387},
  langid = {english},
  keywords = {Read MS},
  file = {D:\_Zotero\storage\L2VDKHCX\Bataille et al. - 2023 - ARPuzzle Evaluating the Effectiveness of Collabor.pdf}
}",10.1109/ISMAR59233.2023.00079,,,x,,,,,,x,,,,x,,,,,,,,,x,,x,,,,,,,,,x,,,,,,,,,,,,,,,,,,,,,,,,,,,,,,,,,,,,,,,,,,,,,,,,,,,,,,
406,2024,"Lovis Schwenderling, Wilhelm Herbrich, Fabian Joeres, Christian Hansen",A Novel Framework for Hand Visualization in Web-Based Collaborative XR,"@inproceedings{schwenderling2024novela,
  title = {A {{Novel Framework}} for {{Hand Visualization}} in {{Web-Based Collaborative XR}}},
  booktitle = {2024 {{IEEE Conference}} on {{Virtual Reality}} and {{3D User Interfaces Abstracts}} and {{Workshops}} ({{VRW}})},
  author = {Schwenderling, Lovis and Herbrich, Wilhelm and Joeres, Fabian and Hansen, Christian},
  year = {2024},
  month = mar,
  pages = {18--23},
  doi = {10.1109/VRW62533.2024.00010},
  urldate = {2024-09-05},
  abstract = {Many extended reality (XR) applications are platform-specific, making accessibility and cross-platform collaboration difficult. Web-based collaborative XR can enhance adoption of XR technologies, using the browser as a platform-independent interface. However, challenges arise from the browser environment, such as performance limitations. To this end, we present a WebXR-based framework for hand interaction in cross-platform collaboration in XR. A network structure and methods for collaborative and individual object manipulation complement the integrated hand tracking. Three different fidelity levels to represent the hands of remote users were implemented to accommodate different performance capabilities. Concepts ranged from virtual hands to discrete poses with abstract objects. A sample application was implemented with a puzzle task. Two users collaborated in the browsers of the Microsoft HoloLens 2 and the Meta Quest 2. Qualitative and quantitative data on user performance (n=9), and frame rate recordings (n=1) were collected. All users were able to solve the puzzle together quickly and intu-itively. The Quest environment was preferred, as there were more performance issues with the HoloLens. Hand interaction was well-received and proved to be sufficient as the only form of communication. Simpler representations of the hands lead to a higher frame rate, whereby the effects were device-dependent. The impact on task performance was low. Hand interaction enables an intuitive exchange of objects and basic communication in cross-platform collaboration via browsers. Depending on the XR environment, however, device-specific performance limitations must be taken into account by modulating the amount of data and rendering effort.},
  keywords = {Browsers,Collaboration,Human-centered computing-Collaborative and social computing-Collaborative and social computing systems and tools,Human-centered computing-Human computer interaction (HCI)-Interaction paradigms-Web-based interaction,Performance evaluation,Three-dimensional displays,Time measurement,User experience,Velocity measurement},
  file = {D\:\\_Zotero\\storage\\ZMDAR9DI\\Schwenderling et al. - 2024 - A Novel Framework for Hand Visualization in Web-Based Collaborative XR.pdf;D\:\\_Zotero\\storage\\X6753XAM\\10536317.html}
}",10.1109/VRW62533.2024.00010,,,,x,,,,,,x,,,x,,,,,,,,,,,,,,,,,,,,,,,,,,x,,x,,,x,,,,,,,,,,,,,,,,x,,,,,,,,,,,,,,,,,,,,,,,,,,,
421,2023,"David Black, Septimiu Salcudean",Mixed Reality Human Teleoperation,"@inproceedings{black2023mixed,
  title = {Mixed {{Reality Human Teleoperation}}},
  booktitle = {2023 {{IEEE Conference}} on {{Virtual Reality}} and {{3D User Interfaces Abstracts}} and {{Workshops}} ({{VRW}})},
  author = {Black, David and Salcudean, Septimiu},
  year = {2023},
  month = mar,
  pages = {375--383},
  doi = {10.1109/VRW58643.2023.00083},
  urldate = {2024-04-23},
  abstract = {For many applications, remote guidance and telerobotics provide great advantages. For example, tele-ultrasound can bring much-needed expert healthcare to isolated communities. However, existing tele-guidance methods have serious limitations. A new concept called human teleoperation leverages mixed reality, haptics, and high-speed communication to provide tele-guidance that is more tightly coupled than existing methods yet more accessible than telerobotics. This paper provides an overview of the human teleoperation concept and its application to tele-ultrasound. The concept and its impact are discussed, the graphics, communications, controls, and haptics subsystems are explained, and results are presented that show the system's efficacy. These include tests of the communication architecture, of human performance in tracking mixed reality signals, and of human teleoperation in a limited clinical use-case. The results show good potential for teleultrasound, as well as possible other applications of human teleoperation including remote maintenance, inspection, and training.},
  keywords = {Computer systems organization-Embedded and cyber-physical systems-Robotics-Robotic Control,Human computer interaction,Human-centered computing-Human Computer Interaction-Interaction Devices-Haptic devices,Human-centered computing-Human Computer Interaction-Interaction Paradigms-Mixed / augmented reality,Maintenance engineering,Medical services,Mixed reality,Three-dimensional displays,Training,Virtual reality},
  file = {D:\_Zotero\storage\T8PW8E68\Black_Salcudean_2023_Mixed Reality Human Teleoperation.pdf}
}",10.1109/VRW58643.2023.00083,x,,,,x,,,,,,,,,,,x,,,,,,,,,,,,,,,,,,,,,,,,,,,,,x,,,x,,,,x,,,,,,,,,,,,,,,,,,,,,,,,,,,,,,,,x,,,x
422,2021,"Hyung-Il Kim, Taehei Kim, Eunhwa Song, Seo Young Oh, Dooyoung Kim, Woontack Woo",Multi-scale Mixed Reality Collaboration for Digital Twin,"@inproceedings{kim2021multiscale,
  title = {Multi-Scale {{Mixed Reality Collaboration}} for {{Digital Twin}}},
  booktitle = {2021 {{IEEE International Symposium}} on {{Mixed}} and {{Augmented Reality Adjunct}} ({{ISMAR-Adjunct}})},
  author = {Kim, Hyung-Il and Kim, Taehei and Song, Eunhwa and Oh, Seo Young and Kim, Dooyoung and Woo, Woontack},
  year = {2021},
  month = oct,
  pages = {435--436},
  doi = {10.1109/ISMAR-Adjunct54149.2021.00098},
  urldate = {2024-04-23},
  abstract = {In this poster, we present a digital twin-based mixed reality system for remote collaboration with the size-scaling of the user and the space. The proposed system supports collaboration between an AR host user and a VR remote user by sharing a 3D digital twin of the AR host user. To enhance the coarse authoring of a shared digital twin environment, we provide a size scaling of the digital twin environment with the world-in-miniature view. Also, we enable scaling the size of the VR user's avatar to enhance both coarse (size-up) and fine-grained (size-down) authoring of the digital twin environment. We describe the system setup, input methods, and interaction methods for scaling space and user.},
  keywords = {Augmented reality,Avatars,Collaboration,Collaborative interaction,Digital twin,Human computer interaction (HCI),Human-centered computing,Interaction paradigms,Mixed / augmented reality,Mixed reality,Read MS,Systems support,Three-dimensional displays},
  file = {D\:\\_Zotero\\storage\\PMVB9U6S\\Kim et al_2021_Multi-scale Mixed Reality Collaboration for Digital Twin.pdf;D\:\\_Zotero\\storage\\JR5SK4Z9\\9585826.html}
}",10.1109/ISMAR-Adjunct54149.2021.00098,,x,,,,,x,,,,x,,,,,,,,,,,,,,,,,,,x,,,,,,,,,,,,,,,,,,,,,,,,,,,,,x,,,,,,,,,,,,,,,,,,,,,,,,,,,,
425,2022,"Allison Jing, Gun Lee, Mark Billinghurst",Using Speech to Visualise Shared Gaze Cues in MR Remote Collaboration,"@inproceedings{jing2022using,
  title = {Using {{Speech}} to {{Visualise Shared Gaze Cues}} in {{MR Remote Collaboration}}},
  booktitle = {2022 {{IEEE Conference}} on {{Virtual Reality}} and {{3D User Interfaces}} ({{VR}})},
  author = {Jing, Allison and Lee, Gun and Billinghurst, Mark},
  year = {2022},
  month = mar,
  pages = {250--259},
  issn = {2642-5254},
  doi = {10.1109/VR51125.2022.00044},
  urldate = {2024-07-31},
  abstract = {In this paper, we present a 360{$^\circ$} panoramic Mixed Reality (MR) sys-tem that visualises shared gaze cues using contextual speech input to improve task coordination. We conducted two studies to evaluate the design of the MR gaze-speech interface exploring the combinations of visualisation style and context control level. Findings from the first study suggest that an explicit visual form that directly connects the collaborators' shared gaze to the contextual conversation is preferred. The second study indicates that the gaze-speech modality shortens the coordination time to attend to the shared interest, making the communication more natural and the collaboration more effective. Qualitative feedback also suggest that having a constant joint gaze indicator provides a consistent bi-directional view while establishing a sense of co-presence during task collaboration. We discuss the implications for the design of collaborative MR systems and directions for future research.},
  keywords = {Bidirectional control,Collaboration,HCI design and evaluation methods,Human computer interaction (HCI),Human-centered computing,Manufacturing industries,Mixed reality,Three-dimensional displays,User studies,Virtual reality,Visualization},
  file = {D\:\\_Zotero\\storage\\3DXPYZQ2\\Jing et al_2022_Using Speech to Visualise Shared Gaze Cues in MR Remote Collaboration.pdf;D\:\\_Zotero\\storage\\KUDXNMHS\\9756787.html}
}",10.1109/VR51125.2022.00044,,,,x,,,,,,x,,,,,x,,,,,,,,,x,,,,,,,,,,,,,,,,,,,,x,,,,,,,,,,,,,,,,,,,,,,,,,x,,,,,,,,,,,,,,,,x,x,
432,2020,"Geonsun Lee, HyeongYeop Kang, JongMin Lee, JungHyun Han",A User Study on View-sharing Techniques for One-to-Many Mixed Reality Collaborations,"@inproceedings{lee2020user,
  title = {A {{User Study}} on {{View-sharing Techniques}} for {{One-to-Many Mixed Reality Collaborations}}},
  booktitle = {2020 {{IEEE Conference}} on {{Virtual Reality}} and {{3D User Interfaces}} ({{VR}})},
  author = {Lee, Geonsun and Kang, HyeongYeop and Lee, JongMin and Han, JungHyun},
  year = {2020},
  month = mar,
  pages = {343--352},
  issn = {2642-5254},
  doi = {10.1109/VR46266.2020.00054},
  urldate = {2024-04-22},
  abstract = {In a one-to-many mixed reality collaboration environment, where multiple local users wearing AR headsets are supervised by a remote expert wearing a VR HMD, we evaluated three view-sharing techniques: 2D video, 360 video, and 3D model augmented with 2D video. Through a pilot test, the weaknesses of the techniques were identified, and additional features were integrated into them. Then, their performances were compared in two different collaboration scenarios based on search and assembling. In the first scenario, a local user performed both search and assembling. In the second scenario, two local users had dedicated roles, one for search and the other for assembling. The experiment results showed that the 3D model augmented with 2D video was time-efficient, usable, less demanding and most preferred in one-to-many mixed reality collaborations.},
  keywords = {Cameras,Collaboration,Collaborative and social computing,Collaborative and social computing theory,Computer supported cooperative work,concepts and paradigms,Human computer interaction (HCI),Human-centered computing,Interaction paradigms,Mixed / augmented reality,Read MS,Resists,Solid modeling,Three-dimensional displays,Two dimensional displays,Virtual reality},
  file = {D\:\\_Zotero\\storage\\VBXVY4HT\\Lee et al_2020_A User Study on View-sharing Techniques for One-to-Many Mixed Reality.pdf;D\:\\_Zotero\\storage\\Y5F8DA7T\\9089500.html}
}",10.1109/VR46266.2020.00054,x,,,x,,x,,,,,,,x,,,,,,,,,,,x,x,,,,,,,,,,,,,,,,,,,,,,,,,,,,,,,,,,,,,,,,,,,,x,x,,,,,,,x,,,,,,,,x,,
435,2023,"Eunhee Chang, Yongjae Lee, Byounghyun Yoo, Hojeong Im",Comparing Context-sharing Interfaces in XR Remote Collaboration,"@inproceedings{chang2023comparing,
  title = {Comparing {{Context-sharing Interfaces}} in {{XR Remote Collaboration}}},
  booktitle = {2023 {{IEEE Conference}} on {{Virtual Reality}} and {{3D User Interfaces Abstracts}} and {{Workshops}} ({{VRW}})},
  author = {Chang, Eunhee and Lee, Yongjae and Yoo, Byounghyun and Im, Hojeong},
  year = {2023},
  pages = {719--720},
  publisher = {IEEE},
  doi = {10.1109/VRW58643.2023.00202},
  urldate = {2024-09-12}
}",10.1109/VRW58643.2023.00202,x,,,,,,,,,x,,,,x,x,,,,,,,,,,,,,,,,,,,,,,,,,,,,,,,,,,,,,,,,,,,,,,,,,,,,,,,,,,,,,,,,,,,,,,,,
476,2023,"Davide Calandra, Filippo Gabriele Prattic{\`o}, Jacopo Fiorenza, Fabrizio Lamberti",Exploring the suitability of a Digital twin- and eXtended Reality-based telepresence platform for a collaborative robotics training scenario over next-generation mobile networks,"@inproceedings{calandra2023exploring,
  title = {Exploring the Suitability of a {{Digital}} Twin- and {{eXtended Reality-based}} Telepresence Platform for a Collaborative Robotics Training Scenario over next-Generation Mobile Networks},
  booktitle = {{{IEEE EUROCON}} 2023 - 20th {{International Conference}} on {{Smart Technologies}}},
  author = {Calandra, Davide and Prattic{\`o}, Filippo Gabriele and Fiorenza, Jacopo and Lamberti, Fabrizio},
  year = {2023},
  month = jul,
  pages = {701--706},
  doi = {10.1109/EUROCON56442.2023.10198883},
  urldate = {2024-09-05},
  abstract = {This paper explores the application of Digital Twins (DTs) and eXtended Reality (XR) in the context of Industry 4.0, and investigates new ways in which these technologies can be used in remote assistance/training scenarios involving Collaborative Robots (CRs). The study builds upon a previous work that examined the suitability of a novel DT/XR-based telepresence platform for CR programming in terms of network capabilities. The present work addresses some of the limitations of the previous study in the context of a new use case, integrating human pose estimation and object tracking to enhance the DT functionalities of the platform, and testing it in a riveting task scenario. The results in terms of bandwidth and latencies obtained in a laboratory setup emulating 6G performance show the potential of DTs and XR in supporting the collaboration of distant human operators and CRs over future mobile networks, paving the way for the development of new services for next-generation industry.},
  keywords = {Augmented Reality,Collaboration,Collaborative Robots,Digital Twin,Human Pose Estimation,Industry 4.0,Pose estimation,Programming,Service robots,Telepresence,Training,Virtual Reality,X reality},
  file = {D\:\\_Zotero\\storage\\E9GCUHSE\\Calandra et al. - 2023 - Exploring the suitability of a Digital twin- and eXtended Reality-based telepresence platform for a.pdf;D\:\\_Zotero\\storage\\BLBT984K\\10198883.html}
}",10.1109/EUROCON56442.2023.10198883,x,,,,,x,,,,,,x,,,,,,,,,,,,,,,,x,,,,x,,,,,,,,,,,,x,x,,,,,,,,,,,,,,,,,,,,,,,,,,,,,,,,,,,,,,,,,,
514,2023,"Nels Numan, Ziwen Lu, Benjamin Congdon, Daniele Giunchi, Alexandros Rotsidis, Andreas Lernis, Kyriakos Larmos, Tereza Kourra, Panayiotis Charalambous, Yiorgos Chrysanthou, Simon Julier, Anthony Steed",Towards Outdoor Collaborative Mixed Reality: Lessons Learnt from a Prototype System,"@inproceedings{numan2023outdoor,
  title = {Towards {{Outdoor Collaborative Mixed Reality}}: {{Lessons Learnt}} from a {{Prototype System}}},
  shorttitle = {Towards {{Outdoor Collaborative Mixed Reality}}},
  booktitle = {2023 {{IEEE Conference}} on {{Virtual Reality}} and {{3D User Interfaces Abstracts}} and {{Workshops}} ({{VRW}})},
  author = {Numan, Nels and Lu, Ziwen and Congdon, Benjamin and Giunchi, Daniele and Rotsidis, Alexandros and Lernis, Andreas and Larmos, Kyriakos and Kourra, Tereza and Charalambous, Panayiotis and Chrysanthou, Yiorgos and Julier, Simon and Steed, Anthony},
  year = {2023},
  month = mar,
  pages = {113--118},
  doi = {10.1109/VRW58643.2023.00029},
  urldate = {2024-04-23},
  abstract = {Most research on collaborative mixed reality (CMR) has focused on indoor spaces. In this paper, we present our ongoing work aimed at investigating the potential of CMR in outdoor spaces. These spaces present unique challenges due to their larger and more com-plex nature, particularly in terms of reconstruction, tracking, and interaction. Our prototype system utilises a photorealistic model to facilitate collaboration between remote virtual reality (VR) users and a local augmented reality (AR) user. We discuss our design considerations, lessons learnt, and areas for future work.},
  keywords = {augmented reality,city-scale,collab-oration,Collaboration,Human-centered computing-Collaborative and social computing systems and tools,Human-centered computing-Ubiquitous and mobile computing systems and tools,mixed reality,Mixed reality,outdoor,Prototypes,reconstruction,registration,Social computing,Solid modeling,Source coding,Three-dimensional displays,virtual reality},
  file = {D\:\\_Zotero\\storage\\TAFTJBTG\\Numan et al_2023_Towards Outdoor Collaborative Mixed Reality.pdf;D\:\\_Zotero\\storage\\VYAEDEC3\\10108714.html}
}",10.1109/VRW58643.2023.00029,,x,,,,,x,,,,x,,,,,,,,,,,,,x,,,,,,x,x,,,,,,,,,,,,,,,,,,,,,,,,,,,x,,,,,,,,,,,,,,,,,,,,,,,x,,,,,x,
521,2024,"Weidong Huang, Mark Billinghurst, Leila Alem, Chun Xiao, Troels Rasmussen",Evaluating Augmented Reality Remote Guidance Systems,"@incollection{huang2024evaluating,
  title = {Evaluating {{Augmented Reality Remote Guidance Systems}}},
  booktitle = {Computer-{{Supported Collaboration}}: {{Theory}} and {{Practice}}},
  author = {Huang, Weidong and Billinghurst, Mark and Alem, Leila and Xiao, Chun and Rasmussen, Troels},
  year = {2024},
  pages = {143--171},
  publisher = {IEEE},
  doi = {10.1002/9781119719830.ch6},
  urldate = {2024-09-08},
  abstract = {Summary This chapter discusses methods for evaluating systems for remote guidance systems, particularly systems that use augmented reality (AR) technology to improve collaboration on physical task. It summarizes some of the systematic reviews that have been conducted on collaborative AR systems, and the evaluation measures used for AR systems. The chapter describes the experimental methods and data collection methods used and shows how to conduct evaluation of AR systems for remote guidance. It highlights directions for future research and new methods that could be used for evaluation of AR systems for remote guidance.},
  isbn = {978-1-119-71981-6},
  keywords = {Cameras,Collaboration,Task analysis,Telephone sets,Time measurement,Videoconferences,Visualization},
  file = {D:\_Zotero\storage\2ENHU8WG\10542552.html}
}",10.1002/9781119719830.ch6,x,,,,,,,,,x,,,x,,,,,,,,,,,x,,,,,,,,,,,,,x,,,,,,,,,,,,,,,,,,,,,,,,,,,,x,x,,,x,x,,,,,,,,,,x,,,,,,,
525,2017,"Allen J. Fairchild, Simon P. Campion, Arturo S. Garc{\'i}a, Robin Wolff, Terrence Fernando, David J. Roberts",A Mixed Reality Telepresence System for Collaborative Space Operation,"@article{fairchild2017mixed,
  title = {A {{Mixed Reality Telepresence System}} for {{Collaborative Space Operation}}},
  author = {Fairchild, Allen J. and Campion, Simon P. and Garc{\'i}a, Arturo S. and Wolff, Robin and Fernando, Terrence and Roberts, David J.},
  year = {2017},
  month = apr,
  journal = {IEEE Transactions on Circuits and Systems for Video Technology},
  volume = {27},
  number = {4},
  pages = {814--827},
  issn = {1558-2205},
  doi = {10.1109/TCSVT.2016.2580425},
  urldate = {2024-09-06},
  abstract = {This paper presents a mixed reality (MR) system that results from the integration of a telepresence system and an application to improve collaborative space exploration. The system combines free viewpoint video with immersive projection technology to support nonverbal communication (NVC), including eye gaze, interpersonal distance, and facial expression. Importantly, these features can be interpreted together as people move around the simulation, maintaining a natural social distance. The application is a simulation of Mars, within which the collaborators must come to agreement over; for example, where the Rover should land and go. The first contribution is the creation of an MR system supporting contextualization of NVC. Two technological contributions are prototyping a technique to subtract a person from a background that may contain physical objects and/or moving images and a lightweight texturing method for multiview rendering, which provides balance in terms of visual and temporal quality. A practical contribution is the demonstration of pragmatic approaches to sharing space between display systems of distinct levels of immersion. A research tool contribution is a system that allows comparison of conventional authored and video-based reconstructed avatars, within an environment that encourages exploration and social interaction. Aspects of system quality, including the communication of facial expression and end-to-end latency are reported.},
  keywords = {3D video-based reconstruction,background-foreground segmentation,Collaborative work,computer-supported collaborative work,mixed reality (MR),Rendering (computer graphics),Space exploration,Space research,space science,telepresence,Three-dimensional displays,Virtual reality},
  file = {D\:\\_Zotero\\storage\\CU49224W\\Fairchild et al. - 2017 - A Mixed Reality Telepresence System for Collaborat.pdf;D\:\\_Zotero\\storage\\I9QF5ZCX\\7490357.html}
}",10.1109/TCSVT.2016.2580425,x,,x,x,,x,,x,,,x,,,,,,,,,,,,,x,,,,x,x,,x,x,,,x,x,x,,x,,,,x,x,,,,,,,,,,,,,,,x,x,x,,,x,,x,,,x,,,,,,,,,,,,,,,,,,
531,2023,"Krzysztof Adam Szczurek, Raul Marin Prades, Eloise Matheson, Jose {Rodriguez-Nogueira}, Mario Di Castro",Multimodal Multi-User Mixed Reality Human–Robot Interface for Remote Operations in Hazardous Environments,"@article{szczurek2023multimodal,
  title = {Multimodal {{Multi-User Mixed Reality Human}}--{{Robot Interface}} for {{Remote Operations}} in {{Hazardous Environments}}},
  author = {Szczurek, Krzysztof Adam and Prades, Raul Marin and Matheson, Eloise and {Rodriguez-Nogueira}, Jose and Castro, Mario Di},
  year = {2023},
  journal = {IEEE Access},
  volume = {11},
  pages = {17305--17333},
  issn = {2169-3536},
  doi = {10.1109/ACCESS.2023.3245833},
  urldate = {2024-04-23},
  abstract = {In hazardous environments, where conditions present risks for humans, the maintenance and interventions are often done with teleoperated remote systems or mobile robotic manipulators to avoid human exposure to dangers. The increasing need for safe and efficient teleoperation requires advanced environmental awareness and collision avoidance. The up-to-date screen-based 2D or 3D interfaces do not fully allow the operator to immerse in the controlled scenario. This problem can be addressed with the emerging Mixed Reality (MR) technologies with Head-Mounted Devices (HMDs) that offer stereoscopic immersion and interaction with virtual objects. Such human-robot interfaces have not yet been demonstrated in telerobotic interventions in particle physics accelerators. Moreover, the operations often require a few experts to collaborate, which increases the system complexity and requires sharing an Augmented Reality (AR) workspace. The multi-user mobile telerobotics in hazardous environments with shared control in the AR has not yet been approached in the state-of-the-art. In this work, the developed MR human-robot interface using the AR HMD is presented. The interface adapts to the constrained wireless networks in particle accelerator facilities and provides reliable high-precision interaction and specialized visualization. The multimodal operation uses hands, eyes and user motion tracking, and voice recognition for control, as well as offers video, 3D point cloud and audio feedback from the robot. Multiple experts can collaborate in the AR workspace locally or remotely, and share or monitor the robot's control. Ten operators tested the interface in intervention scenarios in the European Organization for Nuclear Research (CERN) with complete network characterization and measurements to conclude if operational requirements were met and if the network architecture could support single and multi-user communication load. The interface system has proved to be operationally ready at the Technical Readiness Level (TRL) 8 and was validated through successful demonstration in single and multi-user missions. Some system limitations and further work areas were identified, such as optimizing the network architecture for multi-user scenarios or high-level interface actions applying automatic interaction strategies depending on network conditions.},
  keywords = {Augmented reality,Augmented Reality,Collaboration,Collision avoidance,facility maintenance,hand tracking,hazardous environment,Human factors,human-robot interaction,mixed reality,mobile network,mobile robotic manipulator,Mobile robots,multi-user,point cloud,Robot sensing systems,safe operations,Safety,spatial perception,telerobotics,Telerobotics,Three-dimensional displays,voice control},
  file = {D:\_Zotero\storage\RACV3J2D\Szczurek et al_2023_Multimodal Multi-User Mixed Reality Human–Robot Interface for Remote Operations.pdf}
}",10.1109/ACCESS.2023.3245833,x,,,,,x,,,,,,x,,,,,,,,,,,,,,,,,,,,,,,,x,,,,,,,x,x,,,,,,,,,,,,,,,,,,,,,,,,,,,,,,,,,,,,,,,,,,,
596,2023,"Yakun Huang, Haowen Wang, Xiuquan Qiao, Xiang Su, Yang Li, Schahram Dustdar, Ping Zhang",SCAXR: Empowering Scalable Multi-User Interaction for Heterogenous XR Devices,"@article{huang2024scaxr,
  title = {{{SCAXR}}: {{Empowering Scalable Multi-User Interaction}} for {{Heterogeneous XR Devices}}},
  shorttitle = {{{SCAXR}}},
  author = {Huang, Yakun and Wang, Haowen and Qiao, Xiuquan and Su, Xiang and Li, Yang and Dustdar, Schahram and Zhang, Ping},
  year = {2024},
  month = jul,
  journal = {IEEE Network},
  volume = {38},
  number = {4},
  pages = {250--258},
  issn = {1558-156X},
  doi = {10.1109/MNET.2023.3320440},
  urldate = {2024-09-05},
  abstract = {Scalable multi-user interactions on diverse extended reality (XR) devices are vital for the metaverse's fruition. However, issues like broad user access, intensive interaction rendering, and limited device resources complicate existing interactions based on client-server and peer-to-peer structures. The metaverse's demands for scalable access and detailed scene rendering intensify these problems. In response, we present SCAXR, a collaborative architecture enhancing multi-user interaction. SCAXR leverages three key components: an on-demand rendering module, a distributed rendering process, and edge-cloud synchronization. This module ensures timely communication between XR devices and edge servers. We tested SCAXR's efficacy with a Unity Render Streaming-based XR meeting prototype. Results show SCAXR boosts access capacity by 50\% over traditional methods and enhances complex scene interaction performance by up to 7.8 times in rendering frequency.},
  keywords = {Computer architecture,Graphics processing units,Peer-to-peer computing,Rendering (computer graphics),Servers,Synchronization,X reality},
  file = {D\:\\_Zotero\\storage\\C2EBMI6B\\Huang et al. - 2024 - SCAXR Empowering Scalable Multi-User Interaction for Heterogeneous XR Devices.pdf;D\:\\_Zotero\\storage\\GK4874PD\\10269715.html}
}",10.1109/MNET.2023.3320440,,,,x,,,,,x,,x,,,,,,,,,,x,,,,,,,,,,,,,,,,x,x,x,x,,x,,x,,x,,,,,,,,,,,,,,,,,,,,,,,,,,,,,,,,,,,,,,,,,
647,2023,"Santawat Thanyadit, Matthias Heintz, Effie L-C Law",Tutor In-sight: Guiding and Visualizing Students’ Attention with Mixed Reality Avatar Presentation Tools,"@inproceedings{thanyadit2023tutor,
  title = {Tutor {{In-sight}}: {{Guiding}} and {{Visualizing Students}}' {{Attention}} with {{Mixed Reality Avatar Presentation Tools}}},
  shorttitle = {Tutor {{In-sight}}},
  booktitle = {Proceedings of the 2023 {{CHI Conference}} on {{Human Factors}} in {{Computing Systems}}},
  author = {Thanyadit, Santawat and Heintz, Matthias and Law, Effie L-C},
  year = {2023},
  month = apr,
  series = {{{CHI}} '23},
  pages = {1--20},
  publisher = {Association for Computing Machinery},
  address = {New York, NY, USA},
  doi = {10.1145/3544548.3581069},
  urldate = {2024-07-31},
  abstract = {Remote conferencing systems are increasingly used to supplement or even replace in-person teaching. However, prevailing conferencing systems restrict the teacher's representation to a webcam live-stream, hamper the teacher's use of body-language, and result in students' decreased sense of co-presence and participation. While Virtual Reality (VR) systems may increase student engagement, the teacher may not have the time or expertise to conduct the lecture in VR. To address this issue and bridge the requirements between students and teachers, we have developed Tutor In-sight, a Mixed Reality (MR) avatar augmented into the student's workspace based on four design requirements derived from the existing literature, namely: integrated virtual with physical space, improved teacher's co-presence through avatar, direct attention with auto-generated body language, and usable workflow for teachers. Two user studies were conducted from the perspectives of students and teachers to determine the advantages of Tutor In-sight in comparison to two existing conferencing systems, Zoom (video-based) and Mozilla Hubs (VR-based). The participants of both studies favoured Tutor In-sight. Among others, this main finding indicates that Tutor In-sight satisfied the needs of both teachers and students. In addition, the participants' feedback was used to empirically determine the four main teacher requirements and the four main student requirements in order to improve the future design of MR educational tools.},
  isbn = {978-1-4503-9421-5},
  file = {D:\_Zotero\storage\4Q848AWY\Thanyadit et al_2023_Tutor In-sight.pdf}
}",10.1145/3544548.3581069,x,,,,,,,x,,,,x,,,,,,,,x,,,,,,,,,,,,x,,,x,,,,,,,,,,,,,,x,,,,,,x,,,,,x,,,,,,x,,x,,,,,,x,,,,,,,,,,,,,x
693,2024,"Dongseok Yang, Jiho Kang, Taehei Kim, Sung-Hee Lee",Visual Guidance for User Placement in Avatar-Mediated Telepresence between Dissimilar Spaces,"@article{yang2024visual,
  title = {Visual {{Guidance}} for {{User Placement}} in {{Avatar-Mediated Telepresence}} between {{Dissimilar Spaces}}},
  author = {Yang, Dongseok and Kang, Jiho and Kim, Taehei and Lee, Sung-Hee},
  year = {2024},
  journal = {IEEE Transactions on Visualization and Computer Graphics},
  pages = {1--14},
  issn = {1941-0506},
  doi = {10.1109/TVCG.2024.3354256},
  urldate = {2024-08-01},
  abstract = {Rapid advances in technology gradually realize immersive mixed-reality (MR) telepresence between distant spaces. This paper presents a novel visual guidance system for avatar-mediated telepresence, directing users to optimal placements that facilitate the clear transfer of gaze and pointing contexts through remote avatars in dissimilar spaces, where the spatial relationship between the remote avatar and the interaction targets may differ from that of the local user. Representing the spatial relationship between the user/avatar and interaction targets with angle-based interaction features, we assign recommendation scores of sampled local placements as their maximum feature similarity with remote placements. These scores are visualized as color-coded 2D sectors to inform the users of better placements for interaction with selected targets. In addition, virtual objects of the remote space are overlapped with the local space for the user to better understand the recommendations. We examine whether the proposed score measure agrees with the actual user perception of the partner's interaction context and find a score threshold for recommendation through user experiments in virtual reality (VR). A subsequent user study in VR investigates the effectiveness and perceptual overload of different combinations of visualizations. Finally, we conduct a user study in an MR telepresence scenario to evaluate the effectiveness of our method in real-world applications.},
  keywords = {Avatars,Collaboration,Image reconstruction,Mixed Reality,Shape,Telepresence,Three-dimensional displays,Virtual Avatar,Visualization},
  file = {D\:\\_Zotero\\storage\\GWCKG65I\\Yang et al_2024_Visual Guidance for User Placement in Avatar-Mediated Telepresence between.pdf;D\:\\_Zotero\\storage\\FLXJJ5TY\\10400945.html}
}",10.1109/TVCG.2024.3354256,,,,x,,,,,,x,,x,,,,,,,,,,,,,,,,,,,,,,,,,,,,x,,,,,,,,,,x,,,,,,,,,,,,,,,,,,,,,,,,,,,,,,,,,,,,,
738,2021,"Davide Calandra, Alberto Cannav{\`o}, Fabrizio Lamberti",Evaluating an Augmented Reality-Based Partially Assisted Approach to Remote Assistance in Heterogeneous Robotic Applications,"@inproceedings{calandra2021evaluating,
  title = {Evaluating an Augmented Reality-Based Partially Assisted Approach to Remote Assistance in Heterogeneous Robotic Applications},
  booktitle = {2021 {{IEEE}} 7th {{International Conference}} on {{Virtual Reality}} ({{ICVR}})},
  author = {Calandra, Davide and Cannav{\`o}, Alberto and Lamberti, Fabrizio},
  year = {2021},
  pages = {380--387},
  publisher = {IEEE},
  doi = {10.1109/ICVR51878.2021.9483849},
  urldate = {2024-09-12}
}",10.1109/ICVR51878.2021.9483849,x,,,,,x,,,,,,,,,,x,,,,,,,,,,,,,,,,,,,,,,,,,,,,,,,,,,,,,,,,,,,,,,,,,,,,,,,,,,,,,,,,,,,,x,,x,
755,2020,"Xi Zhang, Youmin Hu, Tao Huang",A multiplayer MR application based on adaptive synchronization algorithm,"@inproceedings{zhang2020multiplayer,
  title = {A Multiplayer {{MR}} Application Based on Adaptive Synchronization Algorithm},
  booktitle = {2020 7th {{International Conference}} on {{Control}}, {{Decision}} and {{Information Technologies}} ({{CoDIT}})},
  author = {Zhang, Xi and Hu, Youmin and Huang, Tao},
  year = {2020},
  month = jun,
  volume = {1},
  pages = {628--632},
  issn = {2576-3555},
  doi = {10.1109/CoDIT49905.2020.9263926},
  urldate = {2024-07-31},
  abstract = {With the popularity of virtual reality technology, it's application in the field of engineering educational and training has gradually increased. This article introduces a multiplayer mixed reality (MR) application that supports remote participants to operate engineering equipment and learn operation process in the shared virtual environment, and it explores the impact of network factors on user experience. According to the characteristics of the application, it proposes a corresponding adaptive strategy based on an existing synchronization algorithm, meantime, a comprehensive evaluation method is proposed.},
  keywords = {Acceleration,Glass,latency,Multiplayer MR application,Prediction algorithms,Synchronization,Synchronization algorithm,Three-dimensional displays,Virtual environments,Virtual reality},
  file = {D\:\\_Zotero\\storage\\CJ93L7VS\\Zhang et al_2020_A multiplayer MR application based on adaptive synchronization algorithm.pdf;D\:\\_Zotero\\storage\\EQ36FDSX\\9263926.html}
}",10.1109/CoDIT49905.2020.9263926,x,,,,,x,,x,,,x,,,,,,,,,,,,,,,,,,,,,,,,,,,,,,,,x,x,x,,,,,,,,,,,,,,,,,,,,,,,,,,,,,,,,,,,,,,,,,,
768,2022,Kai Wundram,Integrated AR-Support for Diagnoses and Maintenance,"@InProceedings{wundram2022integrated,
  author    = {Wundram, Kai},
  booktitle = {{{AmE}} 2022 - {{Automotive}} Meets {{Electronics}}; 13. {{GMM-Symposium}}},
  title     = {Integrated {{AR-Support}} for {{Diagnoses}} and {{Maintenance}}},
  year      = {2022},
  month     = sep,
  pages     = {1--5},
  abstract  = {Technologically demanding sectors of the economy are confronted with a lot of personnel, regulatory and technical challenges. The availability of powerful and efficiency-promoting processes and tools is of crucial importance, especially for companies dealing with after sales and customer service. A solution approach is offered by the use of virtual and extended/augmented reality (VR, AR). Fully virtual environments allow alternative training and the delivery of particularly vivid remote sup-port. This paper deals with the continuous support of the customer service employee using AR. A seamless mapping of the process from vehicle acceptance to diagnosis, switching to the appropriate repair process, quality control and completion of the order is shown. The potential of AR support is shown based on the results of a comparative study.},
  file      = {D\:\\_Zotero\\storage\\M2PF7SYD\\Wundram_2022_Integrated AR-Support for Diagnoses and Maintenance.pdf;D\:\\_Zotero\\storage\\K38FKDFI\\10025909.html},
  urldate   = {2024-08-07},
}",https://ieeexplore.ieee.org/abstract/document/10025909,x,,,,,x,,,,,,,,,,,,x,,,,,,,,,,,,,,,,,,,,,,,,,,,,,,,,,,,,,,,,,,,,,,,,,,,,,,,,,,,,,,,,,,,,,
777,2023,"Kevin Yu, Daniel Roth, Robin Strak, Frieder Pankratz, Julia Reichling, Clemens Kraetsch, Simon Weidert, Marc Lazarovici, Nassir Navab, Ulrich Eck",Mixed Reality 3D Teleconsultation for Emergency Decompressive Craniotomy: An Evaluation with Medical Residents,"@inproceedings{yu2023mixed,
  title = {Mixed {{Reality 3D Teleconsultation}} for {{Emergency Decompressive Craniotomy}}: {{An Evaluation}} with {{Medical Residents}}},
  shorttitle = {Mixed {{Reality 3D Teleconsultation}} for {{Emergency Decompressive Craniotomy}}},
  booktitle = {2023 {{IEEE International Symposium}} on {{Mixed}} and {{Augmented Reality}} ({{ISMAR}})},
  author = {Yu, Kevin and Roth, Daniel and Strak, Robin and Pankratz, Frieder and Reichling, Julia and Kraetsch, Clemens and Weidert, Simon and Lazarovici, Marc and Navab, Nassir and Eck, Ulrich},
  year = {2023},
  month = oct,
  pages = {662--671},
  issn = {2473-0726},
  doi = {10.1109/ISMAR59233.2023.00081},
  urldate = {2024-09-08},
  abstract = {Enabling collaborative telepresence in healthcare, especially surgical procedures, presents a critical challenge. The decompressive craniotomy procedure stands out as particularly complex and time-sensitive. The current teleconsultation approach relies on 2D color cameras, often offering only a fixed view and limited visual capabilities between experts and surgeons. However, teleconsultation can be addressed with Mixed Reality and immersive technology to potentially enable a better consultation of the procedure. We conducted an extensive user study focusing on decompressive craniotomy to investigate the advantages and challenges of our 3D teleconsultation system compared to a 2D video-based consultation system. Our 3D teleconsultation system leverages real-time 3D reconstruction of the patient and environment to empower experts to provide guidance and create virtual 3D annotations. The study utilized 3D-printed head models to perform a lifelike surgical intervention. It involved 14 medical residents and demonstrated an in-vitro 17\% improvement in accurately describing the incision size on the patient's head, contributing to potentially improved patient outcomes.},
  keywords = {3D Telepresence,Annotations,Evaluation,Medical Consultation,Mixed reality,Scalp,Solid modeling,Telepresence,Three-dimensional displays,Visualization},
  file = {D\:\\_Zotero\\storage\\VTNIQWDW\\Yu et al. - 2023 - Mixed Reality 3D Teleconsultation for Emergency De.pdf;D\:\\_Zotero\\storage\\XP4XREPB\\10316516.html}
}",10.1109/ISMAR59233.2023.00081,x,,,,x,,,,,,,,,,,x,,,,,,,,x,,,x,,,,,,,,,,x,,,,,,,,,,,x,,,,,,,,,,,,,,,,,,,,,,,,,,,,,,,,,x,,x,x,,x,
809,2025,"Park, JunSeo and Yang, Yechan and Kim, Gerard Jounghyun and Kim, Hanseob",The Impact of Observer Presence on Trainees' Mental States and Performance in Remote Military Training with Virtual Humans in Mixed Reality Environment,"@inproceedings{park2025impact,
  title = {The {{Impact}} of {{Observer Presence}} on {{Trainees}}' {{Mental States}} and {{Performance}} in {{Remote Military Training}} with {{Virtual Humans}} in {{Mixed Reality Environment}}},
  booktitle = {Proceedings of the 2025 {{CHI Conference}} on {{Human Factors}} in {{Computing Systems}}},
  author = {Park, JunSeo and Yang, Yechan and Kim, Gerard Jounghyun and Kim, Hanseob},
  year = {2025},
  month = apr,
  series = {{{CHI}} '25},
  pages = {1--19},
  publisher = {Association for Computing Machinery},
  address = {New York, NY, USA},
  doi = {10.1145/3706598.3713515},
  urldate = {2025-08-06},
  isbn = {979-8-4007-1394-1}
}",10.1145/3706598.3713515,x,,,,,,,,,x,,,,,,x,,,,,,,,,,,,,,,,,x,,,,,,,,,,,,,,,,x,,,,,,,,,,x,x,,,,,,,,,,,x,,x,x,,,,,,,,,,,,x,
810,2024,"Sidenmark, Ludwig and Zhang, Tianyu and Al Lababidi, Leen and Li, Jiannan and Grossman, Tovi",Desk2Desk: Optimization-based Mixed Reality Workspace Integration for Remote Side-by-side Collaboration,"@inproceedings{sidenmark2024desk2desk,
  title = {{{Desk2Desk}}: {{Optimization-based Mixed Reality Workspace Integration}} for {{Remote Side-by-side Collaboration}}},
  shorttitle = {{{Desk2Desk}}},
  booktitle = {Proceedings of the 37th {{Annual ACM Symposium}} on {{User Interface Software}} and {{Technology}}},
  author = {Sidenmark, Ludwig and Zhang, Tianyu and Al Lababidi, Leen and Li, Jiannan and Grossman, Tovi},
  year = {2024},
  month = oct,
  series = {{{UIST}} '24},
  pages = {1--15},
  publisher = {Association for Computing Machinery},
  address = {New York, NY, USA},
  doi = {10.1145/3654777.3676339},
  urldate = {2025-09-18},
  isbn = {979-8-4007-0628-8}
}",10.1145/3654777.3676339,,,,x,,,,,,x,,x,,,,,,,,,,x,,x,x,,,,,,,,x,,,,x,,,x,,,,,,,,,,x,,x,,x,,x,x,x,,x,,,,x,x,,,,,,,,,,,,,,,,x,,,,,,
811,2024,"Fink, Daniel Immanuel and Skowronski, Moritz and Zagermann, Johannes and Reinschluessel, Anke Verena and Reiterer, Harald and Feuchtner, Tiare",There Is More to Avatars Than Visuals: Investigating Combinations of Visual and Auditory User Representations for Remote Collaboration in Augmented Reality,"@article{fink2024there,
  title = {There {{Is More}} to {{Avatars Than Visuals}}: {{Investigating Combinations}} of {{Visual}} and {{Auditory User Representations}} for {{Remote Collaboration}} in {{Augmented Reality}}},
  shorttitle = {There {{Is More}} to {{Avatars Than Visuals}}},
  author = {Fink, Daniel Immanuel and Skowronski, Moritz and Zagermann, Johannes and Reinschluessel, Anke Verena and Reiterer, Harald and Feuchtner, Tiare},
  year = {2024},
  month = oct,
  journal = {Proc. ACM Hum.-Comput. Interact.},
  volume = {8},
  number = {ISS},
  pages = {548:540--548:568},
  doi = {10.1145/3698148},
  urldate = {2025-09-18}
}",10.1145/3698148,,,,x,,,,,,x,,x,,,,,,,,,x,,,,,,,,,,,,,,x,,x,,,,,,,,,,,,,x,x,,,x,x,,,,,,x,,x,,,,,,,,,,,,x,,,,,,,,,,,,
813,2025,"Kaiser, Jonah-Noël and Kimmel, Simon and Licht, Eva and Landwehr, Eric and Hemmert, Fabian and Heuten, Wilko",Get Real With Me: Effects of Avatar Realism on Social Presence and Comfort in Augmented Reality Remote Collaboration and Self-Disclosure,"@inproceedings{kaiser2025geta,
  title = {Get {{Real With Me}}: {{Effects}} of {{Avatar Realism}} on {{Social Presence}} and {{Comfort}} in {{Augmented Reality Remote Collaboration}} and {{Self-Disclosure}}},
  shorttitle = {Get {{Real With Me}}},
  booktitle = {Proceedings of the 2025 {{CHI Conference}} on {{Human Factors}} in {{Computing Systems}}},
  author = {Kaiser, Jonah-No{\""e}l and Kimmel, Simon and Licht, Eva and Landwehr, Eric and Hemmert, Fabian and Heuten, Wilko},
  year = {2025},
  month = apr,
  series = {{{CHI}} '25},
  pages = {1--18},
  publisher = {Association for Computing Machinery},
  address = {New York, NY, USA},
  doi = {10.1145/3706598.3713541},
  urldate = {2025-08-06},
  isbn = {979-8-4007-1394-1}
}",10.1145/3706598.3713541,,,,x,,,,,x,,,x,,,,,,,x,,,,,,,x,x,x,x,x,,,,x,,,x,,,,,,,,x,,,,,,,,,,,,,,,x,x,,,x,,x,,,,,x,,,x,x,,,,,,,,,,,,
814,2025,"Kiuchi, Akihiro and Wieland, Jonathan and Igarashi, Takeo and Lindlbauer, David",MiniMates: Miniature Avatars for AR Remote Meetings within Limited Physical Spaces,"@inproceedings{kiuchi2025minimates,
  title = {{{MiniMates}}: {{Miniature Avatars}} for {{AR Remote Meetings}} within {{Limited Physical Spaces}}},
  shorttitle = {{{MiniMates}}},
  booktitle = {Proceedings of the 2025 {{CHI Conference}} on {{Human Factors}} in {{Computing Systems}}},
  author = {Kiuchi, Akihiro and Wieland, Jonathan and Igarashi, Takeo and Lindlbauer, David},
  year = {2025},
  month = apr,
  series = {{{CHI}} '25},
  pages = {1--20},
  publisher = {Association for Computing Machinery},
  address = {New York, NY, USA},
  doi = {10.1145/3706598.3714328},
  urldate = {2025-09-18},
  isbn = {979-8-4007-1394-1}
}",10.1145/3706598.3714328,,,,x,,,,,,x,,x,,,x,,,,,,,x,,,,,,,,,,,,,x,,,,,,,,,,x,,,,,x,x,,,x,x,x,x,,,x,,x,x,x,x,x,,,,,,,x,,,,,,,x,,,,,,,
816,2024,"Nöring, Jan-Michel and Kruijff, Ernst and Schild, Jonas",Improving Spatial Awareness in Video Mirror-Mediated XR Telementoring through Visual Cues,"@inproceedings{noring2024improving,
  title = {Improving {{Spatial Awareness}} in {{Video Mirror-Mediated XR Telementoring}} through {{Visual Cues}}},
  booktitle = {Proceedings of the 2024 {{ACM Symposium}} on {{Spatial User Interaction}}},
  author = {N{\""o}ring, Jan-Michel and Kruijff, Ernst and Schild, Jonas},
  year = {2024},
  month = oct,
  series = {{{SUI}} '24},
  pages = {1--2},
  publisher = {Association for Computing Machinery},
  address = {New York, NY, USA},
  doi = {10.1145/3677386.3688905},
  urldate = {2025-09-18},
  isbn = {979-8-4007-1088-9}
}",10.1145/3677386.3688905,x,x,,,x,,,,,x,,,x,,,,,,,,,,,,,,,,,x,,,,,,,x,,,,,,,,,,,,,,,,,,,,,,,,,,,,,,,,,,,,,,,,,,,,,,,,,,
819,2025,"Mentis, Helena M. and Seo, Jwawon and Avellino, Ignacio",Psychological Ownership in Teleinstructive Augmented Reality Workspaces,"@article{mentis2025psychological,
  title = {Psychological {{Ownership}} in {{Teleinstructive Augmented Reality Workspaces}}},
  author = {Mentis, Helena M. and Seo, Jwawon and Avellino, Ignacio},
  year = {2025},
  month = jan,
  journal = {Proc. ACM Hum.-Comput. Interact.},
  volume = {9},
  number = {1},
  pages = {GROUP24:1--GROUP24:23},
  doi = {10.1145/3701203},
  urldate = {2025-08-06}
}",10.1145/3701203,x,x,,,,,,,,x,,,x,,,,,,,,,,,,,,,,,,,,,,,,,,,,,,,,,,,,,,,x,,,,,x,,,,,,,,,,,,,,,,,,,,x,,,,,,,,,,
822,2025,"Gunkel, Simon N.B. and Klunder, Tessa and Cernigliaro, Gianluca",Ready Expert One: Universal 3D Workbench for Remote Industrial Training,"@inproceedings{gunkel2025ready,
  title = {Ready {{Expert One}}: {{Universal 3D Workbench}} for {{Remote Industrial Training}}},
  shorttitle = {Ready {{Expert One}}},
  booktitle = {Proceedings of the 2025 {{ACM International Conference}} on {{Interactive Media Experiences}}},
  author = {Gunkel, Simon N.B. and Klunder, Tessa and Cernigliaro, Gianluca},
  year = {2025},
  month = may,
  series = {{{IMX}} '25},
  pages = {359--361},
  publisher = {Association for Computing Machinery},
  address = {New York, NY, USA},
  doi = {10.1145/3706370.3731701},
  urldate = {2025-09-18},
  isbn = {979-8-4007-1391-0}
}",10.1145/3706370.3731701,x,x,,,,x,,,,,x,,,,,,,,,,,,,,,,,,,,,,,,,,,,,,,,x,x,,,,,,,,,,,,,,,,,,,,,,,,,,,,,,,,,,,,,,,,,x,x,
832,2025,"Drago, Diego and O'Hagan, Joseph and Kawsar, Fahim and Brewster, Stephen Anthony",Exploring Avatar Seat Allocation Strategies in Social AR,"@inproceedings{drago2025exploring,
  title = {Exploring {{Avatar Seat Allocation Strategies}} in {{Social AR}}},
  booktitle = {Proceedings of the {{Extended Abstracts}} of the {{CHI Conference}} on {{Human Factors}} in {{Computing Systems}}},
  author = {Drago, Diego and O'Hagan, Joseph and Kawsar, Fahim and Brewster, Stephen Anthony},
  year = {2025},
  month = apr,
  series = {{{CHI EA}} '25},
  pages = {1--7},
  publisher = {Association for Computing Machinery},
  address = {New York, NY, USA},
  doi = {10.1145/3706599.3719867},
  urldate = {2025-08-06},
  isbn = {979-8-4007-1395-8}
}",10.1145/3706599.3719867,,,,x,,,,,x,,,,,,,,,,,,,,,,,,,,,,,,,,,,,,,,,,,,,,,,,x,x,,,x,,,,,,,,,,,,,,,,,x,,,,,,,,,,,,,,,,
835,2025,"Drago, Diego and Bhattacharyya, Jacob and Kawsar, Fahim and Brewster, Stephen Anthony",The Effects of Physical Context on Collaborator Placement in Augmented Reality Meetings,"@inproceedings{drago2025effects,
  title = {The {{Effects}} of {{Physical Context}} on {{Collaborator Placement}} in {{Augmented Reality Meetings}}},
  booktitle = {Proceedings of the {{Extended Abstracts}} of the {{CHI Conference}} on {{Human Factors}} in {{Computing Systems}}},
  author = {Drago, Diego and Bhattacharyya, Jacob and Kawsar, Fahim and Brewster, Stephen Anthony},
  year = {2025},
  month = apr,
  series = {{{CHI EA}} '25},
  pages = {1--12},
  publisher = {Association for Computing Machinery},
  address = {New York, NY, USA},
  doi = {10.1145/3706599.3720195},
  urldate = {2025-09-18},
  isbn = {979-8-4007-1395-8}
}",10.1145/3706599.3720195,,,,x,,,,,,x,,x,,,,,,,,,,,x,,,,,,,,,,,,,,,,,,,,,,,,,,,x,x,,,,,,,,,,,,,,,,,,,,,,x,,,x,,,,,,,,,,,
851,2025,"Yin, Jianing and Zheng, Weicheng and Wang, Yuntao and Tong, Xin and Yan, Yukang",A Comparison Study Understanding the Impact of Mixed Reality Collaboration on Sense of Co-Presence,"@inproceedings{yin2025comparison,
  title = {A {{Comparison Study Understanding}} the {{Impact}} of {{Mixed Reality Collaboration}} on {{Sense}} of {{Co-Presence}}},
  booktitle = {2025 {{IEEE Conference Virtual Reality}} and {{3D User Interfaces}} ({{VR}})},
  author = {Yin, Jianing and Zheng, Weicheng and Wang, Yuntao and Tong, Xin and Yan, Yukang},
  year = {2025},
  month = mar,
  pages = {580--590},
  issn = {2642-5254},
  doi = {10.1109/VR59515.2025.00081},
  urldate = {2025-09-18}
}",10.1109/VR59515.2025.00081,x,,,x,,,,,,x,,,x,,,,,,,,,x,,,,x,,x,,,,,,,,,,,,,,,x,x,,,,,,,,x,,,,,,,,,,,,,,,x,,,,,,,,,,,,,x,,,,,,,
852,2024,"Tauseef, Mahrukh and Ullal, Akshith and Watkins, Alexandra and Ingram, Zalen and Maxwell, Cathy and Tate, Judith and Juckett, Lisa and Mion, Lorraine C. and Sarkar, Nilanjan",From Lab to a Long-Term Care Facility: Lessons Learned from Field Deployment of Augmented Reality Telepresence System as an Interactive Communication Technology,"@inproceedings{tauseef2024lab,
  title = {From {{Lab}} to a {{Long-Term Care Facility}}: {{Lessons Learned}} from {{Field Deployment}} of {{Augmented Reality Telepresence System}} as an {{Interactive Communication Technology}}},
  shorttitle = {From {{Lab}} to a {{Long-Term Care Facility}}},
  booktitle = {2024 {{IEEE International Symposium}} on {{Mixed}} and {{Augmented Reality Adjunct}} ({{ISMAR-Adjunct}})},
  author = {Tauseef, Mahrukh and Ullal, Akshith and Watkins, Alexandra and Ingram, Zalen and Maxwell, Cathy and Tate, Judith and Juckett, Lisa and Mion, Lorraine C. and Sarkar, Nilanjan},
  year = {2024},
  month = oct,
  pages = {505--508},
  issn = {2771-1110},
  doi = {10.1109/ISMAR-Adjunct64951.2024.00146},
  urldate = {2025-08-05}
}",10.1109/ISMAR-Adjunct64951.2024.00146,,,,x,x,,,,x,,,,,,,,,,x,,,x,,,,,,,,,,,,,,,,,,,,,,,x,,,,,,,,,,,,,,,,,,,,,,,,,,,,,,,,,,,,,,,,,,
853,2024,"Celniak, Weronika and Rebol, Manuel and Lee, Bo and Pietroszek, Krzysztof and Ranniger, Claudia and Hood, Colton and Rutenberg, Adam and Augustyniak, Piotr and Sikka, Neal",Workload Assessment in Remote Mixed Reality Medical Procedural Training Through Physiological Signals,"@inproceedings{celniak2024workload,
  title = {Workload {{Assessment}} in {{Remote Mixed Reality Medical Procedural Training Through Physiological Signals}}},
  booktitle = {2024 46th {{Annual International Conference}} of the {{IEEE Engineering}} in {{Medicine}} and {{Biology Society}} ({{EMBC}})},
  author = {Celniak, Weronika and Rebol, Manuel and Lee, Bo and Pietroszek, Krzysztof and Ranniger, Claudia and Hood, Colton and Rutenberg, Adam and Augustyniak, Piotr and Sikka, Neal},
  year = {2024},
  month = jul,
  pages = {1--4},
  issn = {2694-0604},
  doi = {10.1109/EMBC53108.2024.10782348},
  urldate = {2025-09-18}
}",10.1109/EMBC53108.2024.10782348,x,,,,x,,,,,,,,,,,x,,,,,x,,,x,,,,,,,,,,,,,,,,,,,,,,,,,,,,,,,,,,,,,,,,,,,,,,,,,x,,,,,,,,,,,,x,,
854,2024,"Moon, Hongju and Yu, Seunghyeon and Lee, Jae Yeol",Smart Task Assistance Through Deep Learning-Based Visual Guidance in Asymmetric XR Remote Collaboration,"@article{moon2024smart,
  title = {Smart {{Task Assistance Through Deep Learning-Based Visual Guidance}} in {{Asymmetric XR Remote Collaboration}}},
  author = {Moon, Hongju and Yu, Seunghyeon and Lee, Jae Yeol},
  year = {2024},
  journal = {IEEE Access},
  volume = {12},
  pages = {126899--126914},
  issn = {2169-3536},
  doi = {10.1109/ACCESS.2024.3455014},
  urldate = {2025-09-18}
}",10.1109/ACCESS.2024.3455014,x,x,,,,,,,,x,,,x,,,,,,,,,x,,x,,x,,x,x,x,,,,,,,,,,,,,,x,x,,,,,,,,,,,,,,,,,,,x,x,,,,,,,,,,,,,,,,,,,,,,
855,2024,"Büschel, Wolfgang and Krug, Katja and Satkowski, Marc and Gumhold, Stefan and Dachselt, Raimund",A Research Platform for Studying Mixed-Presence Collaboration,"@inproceedings{buschel2024research,
  title = {A {{Research Platform}} for {{Studying Mixed-Presence Collaboration}}},
  booktitle = {2024 {{IEEE International Symposium}} on {{Mixed}} and {{Augmented Reality Adjunct}} ({{ISMAR-Adjunct}})},
  author = {B{\""u}schel, Wolfgang and Krug, Katja and Satkowski, Marc and Gumhold, Stefan and Dachselt, Raimund},
  year = {2024},
  month = oct,
  pages = {243--246},
  issn = {2771-1110},
  doi = {10.1109/ISMAR-Adjunct64951.2024.00058},
  urldate = {2025-08-05}
}",10.1109/ISMAR-Adjunct64951.2024.00058,,,,x,,,,,,x,x,,,,,,,,,,,,,,,,,,,,,,,,,,,,,,,x,,x,,,,x,,,,x,,,,,,,,,x,,x,,,,,,,,,,,,,,,,,,,,,,,,
858,2024,"Norman, Mitchell and Lee, Gun A. and Smith, Ross T. and Billinghurst, Mark",Avatar and Gaze Cues for Mixed Reality Mixed Presence Groupware,"@inproceedings{norman2024avatar,
  title = {Avatar and {{Gaze Cues}} for {{Mixed Reality Mixed Presence Groupware}}},
  booktitle = {2024 {{IEEE International Symposium}} on {{Mixed}} and {{Augmented Reality Adjunct}} ({{ISMAR-Adjunct}})},
  author = {Norman, Mitchell and Lee, Gun A. and Smith, Ross T. and Billinghurst, Mark},
  year = {2024},
  month = oct,
  pages = {569--570},
  issn = {2771-1110},
  doi = {10.1109/ISMAR-Adjunct64951.2024.00163},
  urldate = {2025-09-18}
}",10.1109/ISMAR-Adjunct64951.2024.00163,,x,,,,,x,,,,,,,,,,,,,,,,,,,,,,,,,,,,x,,x,,,,,,,,,,,,,,,,,,,,,,,x,,,,,,,,,x,,,x,,,,,,x,,x,,,,,,,
865,2024,"Marques, Bernardo and Ferreira, Hugo and Oliveira, Sergio and Santos, Beatriz Sousa",Integrating Remote Participants into Co-Located Collaborative Tasks through VR and AR,"@inproceedings{marques2024integrating,
  title = {Integrating {{Remote Participants}} into {{Co-Located Collaborative Tasks}} through {{VR}} and {{AR}}},
  booktitle = {2024 {{IEEE}} 3rd {{International Conference}} on {{Intelligent Reality}} ({{ICIR}})},
  author = {Marques, Bernardo and Ferreira, Hugo and Oliveira, Sergio and Santos, Beatriz Sousa},
  year = {2024},
  month = dec,
  pages = {1--4},
  doi = {10.1109/ICIR64558.2024.10976838},
  urldate = {2025-08-05}
}",10.1109/ICIR64558.2024.10976838,,x,,,,,,,x,,,,x,,,,,,,,,,,,,,,,,,,,,,,,,,,,,,,,,,,,,,,x,,,,,,,,,,,,,,,,,,,,,,,x,,,,,,,x,,,,,
870,2025,"Pabst, Michael and Rudolph, Linda and Brasch, Nikolas and Biener, Verena and Eghtebas, Chloe and Eck, Ulrich and Schmalstieg, Dieter and Klinker, Gudrun",MRUnion: Asymmetric Task-Aware 3D Mutual Scene Generation of Dissimilar Spaces for Mixed Reality Telepresence,"@article{pabst2025mrunion,
  title = {{{MRUnion}}: {{Asymmetric Task-Aware 3D Mutual Scene Generation}} of {{Dissimilar Spaces}} for {{Mixed Reality Telepresence}}},
  shorttitle = {{{MRUnion}}},
  author = {Pabst, Michael and Rudolph, Linda and Brasch, Nikolas and Biener, Verena and Eghtebas, Chloe and Eck, Ulrich and Schmalstieg, Dieter and Klinker, Gudrun},
  year = {2025},
  month = may,
  journal = {IEEE Transactions on Visualization and Computer Graphics},
  volume = {31},
  number = {5},
  pages = {3354--3364},
  issn = {1941-0506},
  doi = {10.1109/TVCG.2025.3549878},
  urldate = {2025-08-05}
}",10.1109/TVCG.2025.3549878,,,,x,,,,,,x,,,x,,,,,,,,,,,,,,,,,,,,,,,,,,,x,,,,,,,,,x,x,,,,x,,x,x,,,,,,,,,,,,,,,,,,,,,,,,x,,,,,,
877,2025,"You, Jaehwan and Jung, Myeongul and Kim, Kwanguk",Can People's Brains Synchronize during Remote AR Collaboration?,"@article{you2025can,
  title = {Can {{People}}'s {{Brains Synchronize}} during {{Remote AR Collaboration}}?},
  author = {You, Jaehwan and Jung, Myeongul and Kim, Kwanguk},
  year = {2025},
  month = oct,
  journal = {IEEE Transactions on Visualization and Computer Graphics},
  volume = {31},
  number = {10},
  pages = {7078--7088},
  issn = {1941-0506},
  doi = {10.1109/TVCG.2025.3538509},
  urldate = {2025-09-18}
}",10.1109/TVCG.2025.3538509,,,x,,,,,x,,,,x,x,,,,,,,,,x,,,,,,,,,,,,x,,,,,,,,,,,,,,,,,x,,,,,,,,x,x,x,,,x,,,,,,x,,,,x,,,,,,,,,,,,,
889,2025,"Li, Yi-Jun and Yang, Hao-Zhong and Shu, Wen-Tong and Wang, Miao",Semantics-Aware Avatar Locomotion Adaption for Indoor Cross-Scene AR Telepresence,"@article{li2025semanticsaware,
  title = {Semantics-{{Aware Avatar Locomotion Adaption}} for {{Indoor Cross-Scene AR Telepresence}}},
  author = {Li, Yi-Jun and Yang, Hao-Zhong and Shu, Wen-Tong and Wang, Miao},
  year = {2025},
  month = oct,
  journal = {IEEE Transactions on Visualization and Computer Graphics},
  volume = {31},
  number = {10},
  pages = {6633--6647},
  issn = {1941-0506},
  doi = {10.1109/TVCG.2025.3525697},
  urldate = {2025-09-18}
}",10.1109/TVCG.2025.3525697,,,,x,,,,,,x,,,,,,,,,,,,,,,,,,,,x,,,,,,,,,,x,,,,,,,,,,x,,,,,,,,,,,,,,x,,x,,,,,,,,,,,,,,,,,,,,x,
892,2025,"Kang, Jiho and Kim, Taehei and Kim, Hyeshim and Lee, Sung-Hee",Real-time Translation of Upper-body Gestures to Virtual Avatars in Dissimilar Telepresence Environments,"@article{kang2025realtime,
  title = {Real-Time {{Translation}} of {{Upper-body Gestures}} to {{Virtual Avatars}} in {{Dissimilar Telepresence Environments}}},
  author = {Kang, Jiho and Kim, Taehei and Kim, Hyeshim and Lee, Sung-Hee},
  year = {2025},
  journal = {IEEE Transactions on Visualization and Computer Graphics},
  pages = {1--15},
  issn = {1941-0506},
  doi = {10.1109/TVCG.2025.3577156},
  urldate = {2025-08-05}
}",10.1109/TVCG.2025.3577156,,,,x,,,,,,x,,x,,,,,,,x,,,,,,,,,,,,,,x,x,,,,,,,,,,,,,,,,x,,,x,,,x,x,,,x,,,,x,x,,x,,,,,,,,,,,,,,,,,,,,
897,2024,"Cheng, Long and Schachtler, Daniel and Schreiner, Michael and Kunz, Andreas",Task Guidance in Laser Alignment Experiments using Video See-Through Head-Mounted Display,"@inproceedings{cheng2024task,
  title = {Task {{Guidance}} in {{Laser Alignment Experiments}} Using {{Video See-Through Head-Mounted Display}}},
  booktitle = {2024 {{IEEE International Symposium}} on {{Mixed}} and {{Augmented Reality Adjunct}} ({{ISMAR-Adjunct}})},
  author = {Cheng, Long and Schachtler, Daniel and Schreiner, Michael and Kunz, Andreas},
  year = {2024},
  month = oct,
  pages = {431--434},
  issn = {2771-1110},
  doi = {10.1109/ISMAR-Adjunct64951.2024.00126},
  urldate = {2025-09-18}
}",10.1109/ISMAR-Adjunct64951.2024.00126,x,,,,,x,,,,,,,,,,,,,,,x,x,,x,,,,,,,,,,,,,,,,,,,,,,,x,x,,,x,,x,,,,,,,,,,,,,,,,,,,,x,,,,,,,,,,,,,x,
904,2025,"Caby, Bruno and Bataille, Guillaume and Danglade, Florence and Chardonnet, Jean-Rémy",Environment Spatial Restitution for Remote Physical AR Collaboration,"@article{caby2025environment,
  title = {Environment {{Spatial Restitution}} for {{Remote Physical AR Collaboration}}},
  author = {Caby, Bruno and Bataille, Guillaume and Danglade, Florence and Chardonnet, Jean-R{\'e}my},
  year = {2025},
  month = may,
  journal = {IEEE Transactions on Visualization and Computer Graphics},
  volume = {31},
  number = {5},
  pages = {3067--3076},
  issn = {1941-0506},
  doi = {10.1109/TVCG.2025.3549533},
  urldate = {2025-08-05}
}",10.1109/TVCG.2025.3549533,x,,,,,x,,,,,,,,,,x,,,,,x,,,,,,,,,,,,,,,,,,,,,,x,x,x,,,,,,x,,,,,,,,,,,,,,,,,,,,,,,,,,,,,,,,,,,,x
909,2024,"Rebol, Manuel and Jefferson, Camille and Belay, Sara and Hood, Colton and Sikka, Neal",Augmented Reality Teaching Methods for Smartphone Coaching,"@inproceedings{rebol2024augmented,
  title = {Augmented {{Reality Teaching Methods}} for {{Smartphone Coaching}}},
  booktitle = {2024 {{IEEE International Symposium}} on {{Mixed}} and {{Augmented Reality Adjunct}} ({{ISMAR-Adjunct}})},
  author = {Rebol, Manuel and Jefferson, Camille and Belay, Sara and Hood, Colton and Sikka, Neal},
  year = {2024},
  month = oct,
  pages = {409--410},
  issn = {2771-1110},
  doi = {10.1109/ISMAR-Adjunct64951.2024.00115},
  urldate = {2025-09-18}
}",10.1109/ISMAR-Adjunct64951.2024.00115,x,,,,,,,x,,,,,,,,x,,,,,x,x,,,,,,,,,,,,,,,x,,,,,,x,x,x,,,,,,,,,,,,,,,,,,x,,,,,,,,,,,,x,,,,,,,,,,,x,
916,2025,"Sajid, Maha and Shah Bukhari, Syed Ibrahim Mustafa and Ji, Bo and David-John, Brendan",Just stop doing everything for now!: Understanding security attacks in remote collaborative mixed reality,"@inproceedings{sajid2025just,
  title = {""{{Just}} Stop Doing Everything for Now!"": {{Understanding}} Security Attacks in Remote Collaborative Mixed Reality},
  shorttitle = {""{{Just}} Stop Doing Everything for Now!""},
  booktitle = {2025 {{IEEE Conference Virtual Reality}} and {{3D User Interfaces}} ({{VR}})},
  author = {Sajid, Maha and Shah Bukhari, Syed Ibrahim Mustafa and Ji, Bo and {David-John}, Brendan},
  year = {2025},
  month = mar,
  pages = {623--633},
  issn = {2642-5254},
  doi = {10.1109/VR59515.2025.00085},
  urldate = {2025-09-18}
}",10.1109/VR59515.2025.00085,,x,,,,,,,,x,,,x,,,,,,,,,,,x,,,,,,,,,x,,,,,,,,,,,x,,,,,,,,,,,,,,,,,,,,,,,,,,,,,,,,,,,,,,,,,,,x